iter,cell_id,train_id,inference_id,macro_f1,micro_f1,mAP,top1_11class,temperature,ece_post,source
1,T0__I0,T0,I0,0.7302,0.7432,0.6766,0.4472,1.0,0.0778,outputs/stage1_260505_162842
1,T0__I1,T0,I1,0.8444,0.8165,0.8339,0.6324,1.0,0.0778,outputs/stage1_260505_162842
1,T0__I2,T0,I2,0.7673,0.7928,0.8484,0.5739,1.0,0.0778,outputs/stage1_260505_162842
1,T0__I3,T0,I3,0.8466,0.8143,0.8484,0.6017,1.0,0.0778,outputs/stage1_260505_162842
1,T0__I4,T0,I4,0.8466,0.8143,0.8484,0.6017,0.3757,0.0129,outputs/stage1_260505_162842
1,T0__I5,T0,I5,0.8287,0.8022,0.8347,0.6011,0.3624,0.0109,outputs/stage1_260505_162842
2,T0__I6,T0,I6,0.8177,0.8127,0.8484,0.5881,1.0,0.0778,outputs/stage1_260505_165400
2,T0__I7,T0,I7,0.8485,0.8198,0.8484,0.621,1.0,0.0778,outputs/stage1_260505_165400
2,T0__I8,T0,I8,0.8456,0.8135,0.8484,0.6017,1.0,0.0778,outputs/stage1_260505_165400
2,T0__I9,T0,I9,0.7741,0.7584,0.7734,0.5341,0.73,0.0411,outputs/stage1_260505_165400
3,T0__I10,T0,I10,0.8542,0.8311,0.8484,0.6517,1.0,0.0778,outputs/stage1_260505_170827
4,T1__I0,T1,I0,0.7285,0.7385,0.6631,0.4432,1.0,0.1402,outputs/stage2_260505_170121
4,T1__I1,T1,I1,0.8384,0.8051,0.8536,0.6318,1.0,0.1402,outputs/stage2_260505_170121
4,T1__I2,T1,I2,0.7337,0.7414,0.8753,0.475,1.0,0.1402,outputs/stage2_260505_170121
4,T1__I3,T1,I3,0.8375,0.8148,0.8753,0.642,1.0,0.1402,outputs/stage2_260505_170121
4,T1__I4,T1,I4,0.8375,0.8148,0.8753,0.642,0.259,0.0195,outputs/stage2_260505_170121
4,T1__I6,T1,I6,0.8233,0.8064,0.8753,0.6125,1.0,0.1402,outputs/stage2_260505_170121
4,T1__I7,T1,I7,0.8289,0.805,0.8753,0.621,1.0,0.1402,outputs/stage2_260505_170121
4,T1__I8,T1,I8,0.7852,0.7566,0.8753,0.5239,1.0,0.1402,outputs/stage2_260505_170121
4,T1__I9,T1,I9,0.8033,0.795,0.7214,0.5903,0.2646,0.0196,outputs/stage2_260505_170121
4,T4__I0,T4,I0,0.7263,0.7391,0.6464,0.45,1.0,0.0238,outputs/stage2_260505_170121
4,T4__I1,T4,I1,0.7652,0.7766,0.8271,0.5631,1.0,0.0238,outputs/stage2_260505_170121
4,T4__I2,T4,I2,0.7445,0.7532,0.8445,0.5318,1.0,0.0238,outputs/stage2_260505_170121
4,T4__I3,T4,I3,0.7811,0.7885,0.8445,0.5881,1.0,0.0238,outputs/stage2_260505_170121
4,T4__I4,T4,I4,0.7811,0.7885,0.8445,0.5881,0.683,0.0083,outputs/stage2_260505_170121
4,T4__I6,T4,I6,0.7811,0.7885,0.8445,0.5881,1.0,0.0238,outputs/stage2_260505_170121
4,T4__I7,T4,I7,0.7766,0.7843,0.8445,0.583,1.0,0.0238,outputs/stage2_260505_170121
4,T4__I8,T4,I8,0.768,0.7754,0.8445,0.5699,1.0,0.0238,outputs/stage2_260505_170121
4,T4__I9,T4,I9,0.7811,0.7885,0.8445,0.5881,0.9541,0.0203,outputs/stage2_260505_170121
4,T5__I0,T5,I0,0.7297,0.7448,0.6571,0.45,1.0,0.0044,outputs/stage2_260505_170121
4,T5__I1,T5,I1,0.8024,0.7518,0.8163,0.4591,1.0,0.0044,outputs/stage2_260505_170121
4,T5__I2,T5,I2,0.7185,0.7304,0.827,0.454,1.0,0.0044,outputs/stage2_260505_170121
4,T5__I3,T5,I3,0.8018,0.7574,0.827,0.4426,1.0,0.0044,outputs/stage2_260505_170121
4,T5__I4,T5,I4,0.8018,0.7574,0.827,0.4426,1.2012,0.0043,outputs/stage2_260505_170121
4,T5__I6,T5,I6,0.7455,0.7597,0.827,0.5403,1.0,0.0044,outputs/stage2_260505_170121
4,T5__I7,T5,I7,0.7589,0.7736,0.827,0.5432,1.0,0.0044,outputs/stage2_260505_170121
4,T5__I8,T5,I8,0.7942,0.7637,0.827,0.5239,1.0,0.0044,outputs/stage2_260505_170121
4,T5__I9,T5,I9,0.8018,0.7574,0.827,0.4426,2.7362,0.0505,outputs/stage2_260505_170121
4,T6__I0,T6,I0,0.7271,0.7469,0.6591,0.4511,1.0,0.0055,outputs/stage2_260505_170121
4,T6__I1,T6,I1,0.8064,0.7557,0.8302,0.4705,1.0,0.0055,outputs/stage2_260505_170121
4,T6__I2,T6,I2,0.7547,0.7713,0.8684,0.5466,1.0,0.0055,outputs/stage2_260505_170121
4,T6__I3,T6,I3,0.8396,0.7905,0.8684,0.5108,1.0,0.0055,outputs/stage2_260505_170121
4,T6__I4,T6,I4,0.7915,0.7399,0.7621,0.4506,0.001,0.0,outputs/stage2_260505_170121
4,T6__I6,T6,I6,0.777,0.7965,0.8684,0.571,1.0,0.0055,outputs/stage2_260505_170121
4,T6__I7,T6,I7,0.819,0.8287,0.8684,0.6244,1.0,0.0055,outputs/stage2_260505_170121
4,T6__I8,T6,I8,0.7858,0.7306,0.8684,0.4188,1.0,0.0055,outputs/stage2_260505_170121
4,T6__I9,T6,I9,0.8215,0.7721,0.8684,0.4841,1.8566,0.0538,outputs/stage2_260505_170121
4,T1__I10,T1,I10,0.8634,0.8518,0.8753,0.7006,1.0,0.1402,outputs/stage1_260505_173649
4,T4__I10,T4,I10,0.7759,0.7836,0.8445,0.583,1.0,0.0238,outputs/stage1_260505_173829
4,T5__I10,T5,I10,0.7589,0.7736,0.827,0.5432,1.0,0.0044,outputs/stage1_260505_173955
4,T6__I10,T6,I10,0.8193,0.8291,0.8684,0.6256,1.0,0.0055,outputs/stage1_260505_174123
5,T1_LS05__I3,T1_LS05,I3,0.7899,,,0.5534,1.0,,outputs/phase_a_260505_175105/sweep_log.csv
5,T1_LS05__I7,T1_LS05,I7,0.7964,,,0.5591,1.0,,outputs/phase_a_260505_175105/sweep_log.csv
5,T1_LS05__I10,T1_LS05,I10,0.7941,,,0.5574,1.0,,outputs/phase_a_260505_175105/sweep_log.csv
5,T1_LS10__I3,T1_LS10,I3,0.8363,,,0.6261,1.0,,outputs/phase_a_260505_175105/sweep_log.csv
5,T1_LS10__I7,T1_LS10,I7,0.822,,,0.4767,1.0,,outputs/phase_a_260505_175105/sweep_log.csv
5,T1_LS10__I10,T1_LS10,I10,0.8317,,,0.5631,1.0,,outputs/phase_a_260505_175105/sweep_log.csv
5,T1_LS15__I3,T1_LS15,I3,0.8961,,,0.7517,1.0,,outputs/phase_a_260505_175105/sweep_log.csv
5,T1_LS15__I7,T1_LS15,I7,0.8959,,,0.7517,1.0,,outputs/phase_a_260505_175105/sweep_log.csv
5,T1_LS15__I10,T1_LS15,I10,0.89,,,0.7449,1.0,,outputs/phase_a_260505_175105/sweep_log.csv
5,T1_LS20__I3,T1_LS20,I3,0.9239,,,0.8324,1.0,,outputs/phase_a_260505_175105/sweep_log.csv
5,T1_LS20__I7,T1_LS20,I7,0.9268,,,0.8449,1.0,,outputs/phase_a_260505_175105/sweep_log.csv
5,T1_LS20__I10,T1_LS20,I10,0.8841,,,0.8136,1.0,,outputs/phase_a_260505_175105/sweep_log.csv
5,T1_LS25__I3,T1_LS25,I3,0.8663,,,0.6989,1.0,,outputs/phase_a_260505_182044/sweep_log.csv
5,T1_LS25__I7,T1_LS25,I7,0.8647,,,0.6903,1.0,,outputs/phase_a_260505_182044/sweep_log.csv
5,T1_LS25__I10,T1_LS25,I10,0.8398,,,0.6824,1.0,,outputs/phase_a_260505_182044/sweep_log.csv
5,T1_LS30__I3,T1_LS30,I3,0.8185,,,0.6466,1.0,,outputs/phase_a_260505_182044/sweep_log.csv
5,T1_LS30__I7,T1_LS30,I7,0.8048,,,0.621,1.0,,outputs/phase_a_260505_182044/sweep_log.csv
5,T1_LS30__I10,T1_LS30,I10,0.768,,,0.6051,1.0,,outputs/phase_a_260505_182044/sweep_log.csv
