embedding,embedding_name,method,P1_capture,P1_capture_count,P1_target_class_count,legacy_presence_count,legacy_presence_rate,recov,P2_noise_pct,P3_completeness,P4_homogeneity,ARI,AMI,Sil,k_total,k_classes,k_noise,fragment_ratio,exclude_classes,dataset,protocol,label,recipe,primary_prefix
D:\project\unknown-contrastive\result_grouping\_field_robust\embeddings\frozen_wm.npy,frozen_wm,finch_p0(k668),1.0,7,7,7,1.0,0.7362,0.0,0.2237,0.7234,0.0135,0.231,-0.0158,668,7,100,95.43,"Normal,R,Random",WM-811K,strict-novel / Normal-only train,frozen,DINOv3 frozen,finch_p2(
D:\project\unknown-contrastive\result_grouping\_field_robust\embeddings\frozen_wm.npy,frozen_wm,finch_p1(k123),1.0,7,7,7,1.0,0.6666,0.0,0.2414,0.5657,0.0623,0.3125,0.0035,123,7,17,17.57,"Normal,R,Random",WM-811K,strict-novel / Normal-only train,frozen,DINOv3 frozen,finch_p2(
D:\project\unknown-contrastive\result_grouping\_field_robust\embeddings\frozen_wm.npy,frozen_wm,finch_p2(k28),1.0,7,7,7,1.0,0.5975,0.0,0.267,0.4348,0.1492,0.3237,0.0572,28,7,4,4.0,"Normal,R,Random",WM-811K,strict-novel / Normal-only train,frozen,DINOv3 frozen,finch_p2(
D:\project\unknown-contrastive\result_grouping\_field_robust\embeddings\frozen_wm.npy,frozen_wm,finch_p3(k7),0.5714,4,7,7,1.0,0.3777,0.0,0.2738,0.2324,0.139,0.2489,0.0534,7,7,1,1.0,"Normal,R,Random",WM-811K,strict-novel / Normal-only train,frozen,DINOv3 frozen,finch_p2(
D:\project\unknown-contrastive\result_grouping\_field_robust\embeddings\frozen_wm.npy,frozen_wm,louvain_res6,1.0,7,7,7,1.0,0.6835,0.0,0.2701,0.539,0.1149,0.348,0.0771,53,7,7,7.57,"Normal,R,Random",WM-811K,strict-novel / Normal-only train,frozen,DINOv3 frozen,finch_p2(
D:\project\unknown-contrastive\result_grouping\_field_robust\embeddings\frozen_wm.npy,frozen_wm,hdbscan_raw(옛다이얼),0.2857,2,7,4,0.5714,0.1235,90.03,0.3445,0.9441,0.3049,0.4964,0.6985,7,7,2,1.0,"Normal,R,Random",WM-811K,strict-novel / Normal-only train,frozen,DINOv3 frozen,finch_p2(
D:\project\unknown-contrastive\result_grouping\_field_robust\embeddings\wm_l03_ig75_s4_ep8.npy,wm_l03_ig75_s4_ep8,finch_p0(k619),1.0,7,7,7,1.0,0.7576,0.0,0.2384,0.7464,0.0177,0.2642,-0.0637,619,7,114,88.43,"Normal,R,Random",WM-811K,strict-novel / Normal-only train,candidate,"SimCLR + queue4096 + local0.3 + ignore0.75, seed4 ep8",finch_p2(
D:\project\unknown-contrastive\result_grouping\_field_robust\embeddings\wm_l03_ig75_s4_ep8.npy,wm_l03_ig75_s4_ep8,finch_p1(k90),1.0,7,7,7,1.0,0.6922,0.0,0.3035,0.6104,0.13,0.3877,-0.0919,90,7,18,12.86,"Normal,R,Random",WM-811K,strict-novel / Normal-only train,candidate,"SimCLR + queue4096 + local0.3 + ignore0.75, seed4 ep8",finch_p2(
D:\project\unknown-contrastive\result_grouping\_field_robust\embeddings\wm_l03_ig75_s4_ep8.npy,wm_l03_ig75_s4_ep8,finch_p2(k18),1.0,7,7,7,1.0,0.6444,0.0,0.4482,0.5198,0.3327,0.4774,-0.0101,18,7,4,2.57,"Normal,R,Random",WM-811K,strict-novel / Normal-only train,candidate,"SimCLR + queue4096 + local0.3 + ignore0.75, seed4 ep8",finch_p2(
D:\project\unknown-contrastive\result_grouping\_field_robust\embeddings\wm_l03_ig75_s4_ep8.npy,wm_l03_ig75_s4_ep8,finch_p3(k6),0.7143,5,7,7,1.0,0.4556,0.0,0.5152,0.3606,0.302,0.4225,0.1144,6,7,1,0.86,"Normal,R,Random",WM-811K,strict-novel / Normal-only train,candidate,"SimCLR + queue4096 + local0.3 + ignore0.75, seed4 ep8",finch_p2(
D:\project\unknown-contrastive\result_grouping\_field_robust\embeddings\wm_l03_ig75_s4_ep8.npy,wm_l03_ig75_s4_ep8,louvain_res6,1.0,7,7,7,1.0,0.7191,0.0,0.3123,0.6199,0.1501,0.4049,0.0488,53,7,7,7.57,"Normal,R,Random",WM-811K,strict-novel / Normal-only train,candidate,"SimCLR + queue4096 + local0.3 + ignore0.75, seed4 ep8",finch_p2(
D:\project\unknown-contrastive\result_grouping\_field_robust\embeddings\wm_l03_ig75_s4_ep8.npy,wm_l03_ig75_s4_ep8,hdbscan_raw(옛다이얼),0.5714,4,7,7,1.0,0.14,87.08,0.7689,0.8203,0.8019,0.7868,0.6628,7,7,1,1.0,"Normal,R,Random",WM-811K,strict-novel / Normal-only train,candidate,"SimCLR + queue4096 + local0.3 + ignore0.75, seed4 ep8",finch_p2(
D:\project\unknown-contrastive\result_grouping\_field_robust\embeddings\frozen_rs.npy,frozen_rs,finch_p0(k333),1.0,45,45,45,1.0,0.8,0.0,0.6068,0.8903,0.205,0.5146,0.0487,333,45,0,7.4,"Normal,R,Random",RESISC45,transductive self-adaptation,frozen,DINOv3 frozen,finch_p1(
D:\project\unknown-contrastive\result_grouping\_field_robust\embeddings\frozen_rs.npy,frozen_rs,finch_p1(k67),0.9778,44,45,45,1.0,0.6817,0.0,0.7363,0.7694,0.4496,0.6907,0.1709,67,45,0,1.49,"Normal,R,Random",RESISC45,transductive self-adaptation,frozen,DINOv3 frozen,finch_p1(
D:\project\unknown-contrastive\result_grouping\_field_robust\embeddings\frozen_rs.npy,frozen_rs,finch_p2(k15),0.3111,14,45,45,1.0,0.2678,0.0,0.7904,0.5095,0.2228,0.5952,0.1138,15,45,0,0.33,"Normal,R,Random",RESISC45,transductive self-adaptation,frozen,DINOv3 frozen,finch_p1(
D:\project\unknown-contrastive\result_grouping\_field_robust\embeddings\frozen_rs.npy,frozen_rs,finch_p3(k2),0.0222,1,45,45,1.0,0.0222,0.0,0.7726,0.0773,0.0095,0.1353,0.2116,2,45,0,0.04,"Normal,R,Random",RESISC45,transductive self-adaptation,frozen,DINOv3 frozen,finch_p1(
D:\project\unknown-contrastive\result_grouping\_field_robust\embeddings\frozen_rs.npy,frozen_rs,louvain_res6,0.9333,42,45,45,1.0,0.7083,0.0,0.7957,0.7836,0.5722,0.7496,0.2236,45,45,0,1.0,"Normal,R,Random",RESISC45,transductive self-adaptation,frozen,DINOv3 frozen,finch_p1(
D:\project\unknown-contrastive\result_grouping\_field_robust\embeddings\frozen_rs.npy,frozen_rs,hdbscan_raw(옛다이얼),0.3111,14,45,33,0.7333,0.1711,78.11,0.9896,0.7991,0.688,0.8608,0.6687,14,45,0,0.31,"Normal,R,Random",RESISC45,transductive self-adaptation,frozen,DINOv3 frozen,finch_p1(
D:\project\unknown-contrastive\result_grouping\_field_robust\embeddings\rs75_s3_ep6.npy,rs75_s3_ep6,finch_p0(k356),1.0,45,45,45,1.0,0.8683,0.0,0.6204,0.9215,0.2202,0.5416,0.0828,356,45,0,7.91,"Normal,R,Random",RESISC45,transductive self-adaptation,candidate,"SimCLR + queue4096 + ignore0.75, seed3 ep6",finch_p1(
D:\project\unknown-contrastive\result_grouping\_field_robust\embeddings\rs75_s3_ep6.npy,rs75_s3_ep6,finch_p1(k80),0.9778,44,45,45,1.0,0.8,0.0,0.7715,0.8605,0.587,0.7583,0.2339,80,45,0,1.78,"Normal,R,Random",RESISC45,transductive self-adaptation,candidate,"SimCLR + queue4096 + ignore0.75, seed3 ep6",finch_p1(
D:\project\unknown-contrastive\result_grouping\_field_robust\embeddings\rs75_s3_ep6.npy,rs75_s3_ep6,finch_p2(k23),0.5111,23,45,45,1.0,0.4522,0.0,0.8483,0.6446,0.3416,0.7057,0.1932,23,45,0,0.51,"Normal,R,Random",RESISC45,transductive self-adaptation,candidate,"SimCLR + queue4096 + ignore0.75, seed3 ep6",finch_p1(
D:\project\unknown-contrastive\result_grouping\_field_robust\embeddings\rs75_s3_ep6.npy,rs75_s3_ep6,finch_p3(k4),0.0222,1,45,45,1.0,0.0222,0.0,0.8765,0.27,0.0732,0.4035,0.1085,4,45,0,0.09,"Normal,R,Random",RESISC45,transductive self-adaptation,candidate,"SimCLR + queue4096 + ignore0.75, seed3 ep6",finch_p1(
D:\project\unknown-contrastive\result_grouping\_field_robust\embeddings\rs75_s3_ep6.npy,rs75_s3_ep6,louvain_res6,0.9333,42,45,45,1.0,0.7467,0.0,0.8371,0.8214,0.6463,0.7973,0.3302,44,45,0,0.98,"Normal,R,Random",RESISC45,transductive self-adaptation,candidate,"SimCLR + queue4096 + ignore0.75, seed3 ep6",finch_p1(
D:\project\unknown-contrastive\result_grouping\_field_robust\embeddings\rs75_s3_ep6.npy,rs75_s3_ep6,hdbscan_raw(옛다이얼),0.4,18,45,36,0.8,0.2633,66.78,0.9942,0.8463,0.7502,0.8988,0.6273,18,45,0,0.4,"Normal,R,Random",RESISC45,transductive self-adaptation,candidate,"SimCLR + queue4096 + ignore0.75, seed3 ep6",finch_p1(
D:\project\unknown-contrastive\result_grouping\_field_robust\embeddings\frozen_dtd.npy,frozen_dtd,finch_p0(k365),1.0,47,47,47,1.0,0.7314,0.0,0.5776,0.8483,0.1859,0.446,0.101,365,47,0,7.77,"Normal,R,Random",DTD,transductive self-adaptation,frozen,DINOv3 frozen,finch_p1(
D:\project\unknown-contrastive\result_grouping\_field_robust\embeddings\frozen_dtd.npy,frozen_dtd,finch_p1(k75),0.9149,43,47,47,1.0,0.5654,0.0,0.6407,0.6791,0.3242,0.5682,0.1891,75,47,0,1.6,"Normal,R,Random",DTD,transductive self-adaptation,frozen,DINOv3 frozen,finch_p1(
D:\project\unknown-contrastive\result_grouping\_field_robust\embeddings\frozen_dtd.npy,frozen_dtd,finch_p2(k21),0.4255,20,47,47,1.0,0.3436,0.0,0.6784,0.4674,0.1617,0.5118,0.1307,21,47,0,0.45,"Normal,R,Random",DTD,transductive self-adaptation,frozen,DINOv3 frozen,finch_p1(
D:\project\unknown-contrastive\result_grouping\_field_robust\embeddings\frozen_dtd.npy,frozen_dtd,finch_p3(k2),0.0,0,47,47,1.0,0.0,0.0,0.6363,0.1045,0.0225,0.175,0.0394,2,47,0,0.04,"Normal,R,Random",DTD,transductive self-adaptation,frozen,DINOv3 frozen,finch_p1(
D:\project\unknown-contrastive\result_grouping\_field_robust\embeddings\frozen_dtd.npy,frozen_dtd,louvain_res6,0.8511,40,47,47,1.0,0.5745,0.0,0.6809,0.6751,0.4128,0.6131,0.2193,49,47,0,1.04,"Normal,R,Random",DTD,transductive self-adaptation,frozen,DINOv3 frozen,finch_p1(
D:\project\unknown-contrastive\result_grouping\_field_robust\embeddings\frozen_dtd.npy,frozen_dtd,hdbscan_raw(옛다이얼),0.3191,15,47,34,0.7234,0.1941,75.27,0.9599,0.7922,0.6945,0.8426,0.6428,15,47,0,0.32,"Normal,R,Random",DTD,transductive self-adaptation,frozen,DINOv3 frozen,finch_p1(
D:\project\unknown-contrastive\result_grouping\_field_robust\embeddings\dtd75_s3_ep8.npy,dtd75_s3_ep8,finch_p0(k387),1.0,47,47,47,1.0,0.7846,0.0,0.5908,0.88,0.1957,0.4708,0.1065,387,47,0,8.23,"Normal,R,Random",DTD,transductive self-adaptation,candidate,"SimCLR + queue4096 + ignore0.75, seed3 ep8",finch_p1(
D:\project\unknown-contrastive\result_grouping\_field_robust\embeddings\dtd75_s3_ep8.npy,dtd75_s3_ep8,finch_p1(k88),0.9787,46,47,47,1.0,0.6809,0.0,0.687,0.7621,0.4218,0.6376,0.2352,88,47,0,1.87,"Normal,R,Random",DTD,transductive self-adaptation,candidate,"SimCLR + queue4096 + ignore0.75, seed3 ep8",finch_p1(
D:\project\unknown-contrastive\result_grouping\_field_robust\embeddings\dtd75_s3_ep8.npy,dtd75_s3_ep8,finch_p2(k20),0.4255,20,47,47,1.0,0.3287,0.0,0.7231,0.4624,0.1361,0.5246,0.1273,20,47,0,0.43,"Normal,R,Random",DTD,transductive self-adaptation,candidate,"SimCLR + queue4096 + ignore0.75, seed3 ep8",finch_p1(
D:\project\unknown-contrastive\result_grouping\_field_robust\embeddings\dtd75_s3_ep8.npy,dtd75_s3_ep8,louvain_res6,0.9362,44,47,47,1.0,0.6452,0.0,0.7235,0.7348,0.4857,0.67,0.2826,53,47,0,1.13,"Normal,R,Random",DTD,transductive self-adaptation,candidate,"SimCLR + queue4096 + ignore0.75, seed3 ep8",finch_p1(
D:\project\unknown-contrastive\result_grouping\_field_robust\embeddings\dtd75_s3_ep8.npy,dtd75_s3_ep8,hdbscan_raw(옛다이얼),0.4043,19,47,38,0.8085,0.2452,69.84,0.9594,0.8407,0.7875,0.8743,0.6569,19,47,0,0.4,"Normal,R,Random",DTD,transductive self-adaptation,candidate,"SimCLR + queue4096 + ignore0.75, seed3 ep8",finch_p1(
