protocol_id,recipe,recipe_flags,seed,epoch,embedding_space,clusterer,clusterer_detail,P1_capture_count,P1_target_class_count,P1_capture,dominant_cluster_count,recov,P2_noise_pct,P3_completeness,P4_homogeneity,k_total,k_target_classes,k_excluded_dominant,fragment_ratio,Sil,ARI_supporting,AMI_supporting,embedding_path,embedding_sha256,embedding_rows,embedding_dim,eval_dir,eval_manifest_sha256,train_dir,train_manifest_sha256,scorer_bundle_sha256,exclude_classes
810f080c6ff072fbaa9ea3d901dbbfd15beb5194e78393c127340ee7784e6a5d,frozen,FCMAE frozen; no training,none,0,backbone_f,FINCH-p2,finch_p2(k62),32,32,1.0,62,0.9259,0.0,0.8914,0.9583,62,32,16,1.9375,0.381,0.805,0.9178,D:\project\unknown-contrastive\result_grouping\_unknown_mixed260710\embeddings\frozen_unknown_fcmae.npy,3b1314b52a9cdb21bf430f2fbfad94031e984a76a440c01ceaaf017a483e9c85,4149,1024,D:\project\unknown-contrastive\data\images\unknown_eval100,e57acedb23dcc18f8af6791d2904dd4bf96c5bac15a781624f44d81449d096db,D:\project\unknown-contrastive\data\images\unknown_train_defectaware_260710,7bd2aa017015f811ad5253b8d90a66bfcbe8eaaef7de429c01b0213a837d0dbc,471dfd5ff69ac57232371e960c5d8402094b21e527fa4947bb9332b0e1001d2e,"Normal,Random,R,Center_bank_boundary,Center_scratch,Donut_bank_boundary,Donut_fork,Edge-Ring_bank_boundary,Edge-Ring_scratch,Edge-Top_fork,Full_scratch,ParallelScratches,RingDots"
810f080c6ff072fbaa9ea3d901dbbfd15beb5194e78393c127340ee7784e6a5d,frozen,FCMAE frozen; no training,none,0,backbone_f,Louvain-res6,k15/res6/seed42/size<=2-noise,31,32,0.9688,53,0.9309,0.0,0.9311,0.9677,53,32,13,1.6562,0.4718,0.8707,0.9457,D:\project\unknown-contrastive\result_grouping\_unknown_mixed260710\embeddings\frozen_unknown_fcmae.npy,3b1314b52a9cdb21bf430f2fbfad94031e984a76a440c01ceaaf017a483e9c85,4149,1024,D:\project\unknown-contrastive\data\images\unknown_eval100,e57acedb23dcc18f8af6791d2904dd4bf96c5bac15a781624f44d81449d096db,D:\project\unknown-contrastive\data\images\unknown_train_defectaware_260710,7bd2aa017015f811ad5253b8d90a66bfcbe8eaaef7de429c01b0213a837d0dbc,471dfd5ff69ac57232371e960c5d8402094b21e527fa4947bb9332b0e1001d2e,"Normal,Random,R,Center_bank_boundary,Center_scratch,Donut_bank_boundary,Donut_fork,Edge-Ring_bank_boundary,Edge-Ring_scratch,Edge-Top_fork,Full_scratch,ParallelScratches,RingDots"
810f080c6ff072fbaa9ea3d901dbbfd15beb5194e78393c127340ee7784e6a5d,L0_base,adapter; pure SimCLR B0,3,0,adapted_f,FINCH-p2,finch_p2(k62),32,32,1.0,62,0.9259,0.0,0.8914,0.9583,62,32,16,1.9375,0.381,0.805,0.9178,D:\project\unknown-contrastive\result_grouping\_fcmae_adapter260721\embeddings\ad1_none_ep0.npy,9e3eb06b1034eabd2174995cdaf758064e961afc0b9370fe8af9b7cf836a7479,4149,1024,D:\project\unknown-contrastive\data\images\unknown_eval100,e57acedb23dcc18f8af6791d2904dd4bf96c5bac15a781624f44d81449d096db,D:\project\unknown-contrastive\data\images\unknown_train_defectaware_260710,7bd2aa017015f811ad5253b8d90a66bfcbe8eaaef7de429c01b0213a837d0dbc,471dfd5ff69ac57232371e960c5d8402094b21e527fa4947bb9332b0e1001d2e,"Normal,Random,R,Center_bank_boundary,Center_scratch,Donut_bank_boundary,Donut_fork,Edge-Ring_bank_boundary,Edge-Ring_scratch,Edge-Top_fork,Full_scratch,ParallelScratches,RingDots"
810f080c6ff072fbaa9ea3d901dbbfd15beb5194e78393c127340ee7784e6a5d,L0_base,adapter; pure SimCLR B0,3,0,adapted_f,Louvain-res6,k15/res6/seed42/size<=2-noise,31,32,0.9688,53,0.9312,0.0,0.9313,0.9679,53,32,13,1.6562,0.4716,0.871,0.9459,D:\project\unknown-contrastive\result_grouping\_fcmae_adapter260721\embeddings\ad1_none_ep0.npy,9e3eb06b1034eabd2174995cdaf758064e961afc0b9370fe8af9b7cf836a7479,4149,1024,D:\project\unknown-contrastive\data\images\unknown_eval100,e57acedb23dcc18f8af6791d2904dd4bf96c5bac15a781624f44d81449d096db,D:\project\unknown-contrastive\data\images\unknown_train_defectaware_260710,7bd2aa017015f811ad5253b8d90a66bfcbe8eaaef7de429c01b0213a837d0dbc,471dfd5ff69ac57232371e960c5d8402094b21e527fa4947bb9332b0e1001d2e,"Normal,Random,R,Center_bank_boundary,Center_scratch,Donut_bank_boundary,Donut_fork,Edge-Ring_bank_boundary,Edge-Ring_scratch,Edge-Top_fork,Full_scratch,ParallelScratches,RingDots"
810f080c6ff072fbaa9ea3d901dbbfd15beb5194e78393c127340ee7784e6a5d,L0_base,adapter; pure SimCLR B0,3,1,adapted_f,FINCH-p2,finch_p2(k57),32,32,1.0,57,0.9156,0.0,0.9029,0.9542,57,32,14,1.7812,0.3858,0.8147,0.9227,D:\project\unknown-contrastive\result_grouping\_fcmae_adapter260721\embeddings\ad1_none_ep1.npy,6fa368f54f32210a57c3c9d6428bb8aa0e48a97be002c5cdeefcf61e6cb39aae,4149,1024,D:\project\unknown-contrastive\data\images\unknown_eval100,e57acedb23dcc18f8af6791d2904dd4bf96c5bac15a781624f44d81449d096db,D:\project\unknown-contrastive\data\images\unknown_train_defectaware_260710,7bd2aa017015f811ad5253b8d90a66bfcbe8eaaef7de429c01b0213a837d0dbc,471dfd5ff69ac57232371e960c5d8402094b21e527fa4947bb9332b0e1001d2e,"Normal,Random,R,Center_bank_boundary,Center_scratch,Donut_bank_boundary,Donut_fork,Edge-Ring_bank_boundary,Edge-Ring_scratch,Edge-Top_fork,Full_scratch,ParallelScratches,RingDots"
810f080c6ff072fbaa9ea3d901dbbfd15beb5194e78393c127340ee7784e6a5d,L0_base,adapter; pure SimCLR B0,3,1,adapted_f,Louvain-res6,k15/res6/seed42/size<=2-noise,31,32,0.9688,53,0.9281,0.0,0.9289,0.967,53,32,13,1.6562,0.4688,0.8704,0.9441,D:\project\unknown-contrastive\result_grouping\_fcmae_adapter260721\embeddings\ad1_none_ep1.npy,6fa368f54f32210a57c3c9d6428bb8aa0e48a97be002c5cdeefcf61e6cb39aae,4149,1024,D:\project\unknown-contrastive\data\images\unknown_eval100,e57acedb23dcc18f8af6791d2904dd4bf96c5bac15a781624f44d81449d096db,D:\project\unknown-contrastive\data\images\unknown_train_defectaware_260710,7bd2aa017015f811ad5253b8d90a66bfcbe8eaaef7de429c01b0213a837d0dbc,471dfd5ff69ac57232371e960c5d8402094b21e527fa4947bb9332b0e1001d2e,"Normal,Random,R,Center_bank_boundary,Center_scratch,Donut_bank_boundary,Donut_fork,Edge-Ring_bank_boundary,Edge-Ring_scratch,Edge-Top_fork,Full_scratch,ParallelScratches,RingDots"
810f080c6ff072fbaa9ea3d901dbbfd15beb5194e78393c127340ee7784e6a5d,L0_base,adapter; pure SimCLR B0,3,2,adapted_f,FINCH-p2,finch_p2(k61),30,32,0.9375,60,0.8709,0.0,0.887,0.9479,61,32,15,1.9062,0.3705,0.7737,0.9101,D:\project\unknown-contrastive\result_grouping\_fcmae_adapter260721\embeddings\ad1_none_ep2.npy,5113ad3dc7d52bc3f781819b775acd2673b44db86cfacd38c9392f66191e2d01,4149,1024,D:\project\unknown-contrastive\data\images\unknown_eval100,e57acedb23dcc18f8af6791d2904dd4bf96c5bac15a781624f44d81449d096db,D:\project\unknown-contrastive\data\images\unknown_train_defectaware_260710,7bd2aa017015f811ad5253b8d90a66bfcbe8eaaef7de429c01b0213a837d0dbc,471dfd5ff69ac57232371e960c5d8402094b21e527fa4947bb9332b0e1001d2e,"Normal,Random,R,Center_bank_boundary,Center_scratch,Donut_bank_boundary,Donut_fork,Edge-Ring_bank_boundary,Edge-Ring_scratch,Edge-Top_fork,Full_scratch,ParallelScratches,RingDots"
810f080c6ff072fbaa9ea3d901dbbfd15beb5194e78393c127340ee7784e6a5d,L0_base,adapter; pure SimCLR B0,3,2,adapted_f,Louvain-res6,k15/res6/seed42/size<=2-noise,31,32,0.9688,52,0.9403,0.0,0.9365,0.9707,52,32,13,1.625,0.4603,0.8873,0.9503,D:\project\unknown-contrastive\result_grouping\_fcmae_adapter260721\embeddings\ad1_none_ep2.npy,5113ad3dc7d52bc3f781819b775acd2673b44db86cfacd38c9392f66191e2d01,4149,1024,D:\project\unknown-contrastive\data\images\unknown_eval100,e57acedb23dcc18f8af6791d2904dd4bf96c5bac15a781624f44d81449d096db,D:\project\unknown-contrastive\data\images\unknown_train_defectaware_260710,7bd2aa017015f811ad5253b8d90a66bfcbe8eaaef7de429c01b0213a837d0dbc,471dfd5ff69ac57232371e960c5d8402094b21e527fa4947bb9332b0e1001d2e,"Normal,Random,R,Center_bank_boundary,Center_scratch,Donut_bank_boundary,Donut_fork,Edge-Ring_bank_boundary,Edge-Ring_scratch,Edge-Top_fork,Full_scratch,ParallelScratches,RingDots"
810f080c6ff072fbaa9ea3d901dbbfd15beb5194e78393c127340ee7784e6a5d,L0_base,adapter; pure SimCLR B0,3,3,adapted_f,FINCH-p2,finch_p2(k56),30,32,0.9375,55,0.8728,0.0,0.9102,0.9555,56,32,14,1.75,0.3952,0.8184,0.9275,D:\project\unknown-contrastive\result_grouping\_fcmae_adapter260721\embeddings\ad1_none_ep3.npy,8270959e727890d3202646e9a4ae08701fd114540d5468ed170dcde277b7f4cc,4149,1024,D:\project\unknown-contrastive\data\images\unknown_eval100,e57acedb23dcc18f8af6791d2904dd4bf96c5bac15a781624f44d81449d096db,D:\project\unknown-contrastive\data\images\unknown_train_defectaware_260710,7bd2aa017015f811ad5253b8d90a66bfcbe8eaaef7de429c01b0213a837d0dbc,471dfd5ff69ac57232371e960c5d8402094b21e527fa4947bb9332b0e1001d2e,"Normal,Random,R,Center_bank_boundary,Center_scratch,Donut_bank_boundary,Donut_fork,Edge-Ring_bank_boundary,Edge-Ring_scratch,Edge-Top_fork,Full_scratch,ParallelScratches,RingDots"
810f080c6ff072fbaa9ea3d901dbbfd15beb5194e78393c127340ee7784e6a5d,L0_base,adapter; pure SimCLR B0,3,3,adapted_f,Louvain-res6,k15/res6/seed42/size<=2-noise,31,32,0.9688,53,0.9247,0.0,0.9306,0.9679,53,32,13,1.6562,0.4545,0.8621,0.9455,D:\project\unknown-contrastive\result_grouping\_fcmae_adapter260721\embeddings\ad1_none_ep3.npy,8270959e727890d3202646e9a4ae08701fd114540d5468ed170dcde277b7f4cc,4149,1024,D:\project\unknown-contrastive\data\images\unknown_eval100,e57acedb23dcc18f8af6791d2904dd4bf96c5bac15a781624f44d81449d096db,D:\project\unknown-contrastive\data\images\unknown_train_defectaware_260710,7bd2aa017015f811ad5253b8d90a66bfcbe8eaaef7de429c01b0213a837d0dbc,471dfd5ff69ac57232371e960c5d8402094b21e527fa4947bb9332b0e1001d2e,"Normal,Random,R,Center_bank_boundary,Center_scratch,Donut_bank_boundary,Donut_fork,Edge-Ring_bank_boundary,Edge-Ring_scratch,Edge-Top_fork,Full_scratch,ParallelScratches,RingDots"
810f080c6ff072fbaa9ea3d901dbbfd15beb5194e78393c127340ee7784e6a5d,L0_base,adapter; pure SimCLR B0,3,4,adapted_f,FINCH-p2,finch_p2(k55),32,32,1.0,55,0.9094,0.0,0.9056,0.9598,55,32,12,1.7188,0.3913,0.8224,0.927,D:\project\unknown-contrastive\result_grouping\_fcmae_adapter260721\embeddings\ad1_none_ep4.npy,54e73553278ca4345ecf625d7734d0f644e703aab84ba04b79116ca315df2131,4149,1024,D:\project\unknown-contrastive\data\images\unknown_eval100,e57acedb23dcc18f8af6791d2904dd4bf96c5bac15a781624f44d81449d096db,D:\project\unknown-contrastive\data\images\unknown_train_defectaware_260710,7bd2aa017015f811ad5253b8d90a66bfcbe8eaaef7de429c01b0213a837d0dbc,471dfd5ff69ac57232371e960c5d8402094b21e527fa4947bb9332b0e1001d2e,"Normal,Random,R,Center_bank_boundary,Center_scratch,Donut_bank_boundary,Donut_fork,Edge-Ring_bank_boundary,Edge-Ring_scratch,Edge-Top_fork,Full_scratch,ParallelScratches,RingDots"
810f080c6ff072fbaa9ea3d901dbbfd15beb5194e78393c127340ee7784e6a5d,L0_base,adapter; pure SimCLR B0,3,4,adapted_f,Louvain-res6,k15/res6/seed42/size<=2-noise,31,32,0.9688,51,0.9466,0.0,0.9451,0.9745,51,32,13,1.5938,0.4757,0.9055,0.957,D:\project\unknown-contrastive\result_grouping\_fcmae_adapter260721\embeddings\ad1_none_ep4.npy,54e73553278ca4345ecf625d7734d0f644e703aab84ba04b79116ca315df2131,4149,1024,D:\project\unknown-contrastive\data\images\unknown_eval100,e57acedb23dcc18f8af6791d2904dd4bf96c5bac15a781624f44d81449d096db,D:\project\unknown-contrastive\data\images\unknown_train_defectaware_260710,7bd2aa017015f811ad5253b8d90a66bfcbe8eaaef7de429c01b0213a837d0dbc,471dfd5ff69ac57232371e960c5d8402094b21e527fa4947bb9332b0e1001d2e,"Normal,Random,R,Center_bank_boundary,Center_scratch,Donut_bank_boundary,Donut_fork,Edge-Ring_bank_boundary,Edge-Ring_scratch,Edge-Top_fork,Full_scratch,ParallelScratches,RingDots"
810f080c6ff072fbaa9ea3d901dbbfd15beb5194e78393c127340ee7784e6a5d,L0_base,adapter; pure SimCLR B0,3,5,adapted_f,FINCH-p2,finch_p2(k55),30,32,0.9375,54,0.8484,0.0,0.9017,0.9477,55,32,13,1.7188,0.375,0.7896,0.9187,D:\project\unknown-contrastive\result_grouping\_fcmae_adapter260721\embeddings\ad1_none_ep5.npy,99204d15bfa9ebc12024b908f6d654ce5f37536b4d292e8e28a7db1192ad7bb2,4149,1024,D:\project\unknown-contrastive\data\images\unknown_eval100,e57acedb23dcc18f8af6791d2904dd4bf96c5bac15a781624f44d81449d096db,D:\project\unknown-contrastive\data\images\unknown_train_defectaware_260710,7bd2aa017015f811ad5253b8d90a66bfcbe8eaaef7de429c01b0213a837d0dbc,471dfd5ff69ac57232371e960c5d8402094b21e527fa4947bb9332b0e1001d2e,"Normal,Random,R,Center_bank_boundary,Center_scratch,Donut_bank_boundary,Donut_fork,Edge-Ring_bank_boundary,Edge-Ring_scratch,Edge-Top_fork,Full_scratch,ParallelScratches,RingDots"
810f080c6ff072fbaa9ea3d901dbbfd15beb5194e78393c127340ee7784e6a5d,L0_base,adapter; pure SimCLR B0,3,5,adapted_f,Louvain-res6,k15/res6/seed42/size<=2-noise,31,32,0.9688,53,0.9234,0.0,0.9299,0.9671,53,32,13,1.6562,0.4679,0.871,0.9447,D:\project\unknown-contrastive\result_grouping\_fcmae_adapter260721\embeddings\ad1_none_ep5.npy,99204d15bfa9ebc12024b908f6d654ce5f37536b4d292e8e28a7db1192ad7bb2,4149,1024,D:\project\unknown-contrastive\data\images\unknown_eval100,e57acedb23dcc18f8af6791d2904dd4bf96c5bac15a781624f44d81449d096db,D:\project\unknown-contrastive\data\images\unknown_train_defectaware_260710,7bd2aa017015f811ad5253b8d90a66bfcbe8eaaef7de429c01b0213a837d0dbc,471dfd5ff69ac57232371e960c5d8402094b21e527fa4947bb9332b0e1001d2e,"Normal,Random,R,Center_bank_boundary,Center_scratch,Donut_bank_boundary,Donut_fork,Edge-Ring_bank_boundary,Edge-Ring_scratch,Edge-Top_fork,Full_scratch,ParallelScratches,RingDots"
810f080c6ff072fbaa9ea3d901dbbfd15beb5194e78393c127340ee7784e6a5d,L1_queue,adapter + queue4096,3,0,adapted_f,FINCH-p2,finch_p2(k62),32,32,1.0,62,0.9259,0.0,0.8914,0.9583,62,32,16,1.9375,0.381,0.805,0.9178,D:\project\unknown-contrastive\result_grouping\_fcmae_cd260721\embeddings\L1_q_ep0.npy,9e3eb06b1034eabd2174995cdaf758064e961afc0b9370fe8af9b7cf836a7479,4149,1024,D:\project\unknown-contrastive\data\images\unknown_eval100,e57acedb23dcc18f8af6791d2904dd4bf96c5bac15a781624f44d81449d096db,D:\project\unknown-contrastive\data\images\unknown_train_defectaware_260710,7bd2aa017015f811ad5253b8d90a66bfcbe8eaaef7de429c01b0213a837d0dbc,471dfd5ff69ac57232371e960c5d8402094b21e527fa4947bb9332b0e1001d2e,"Normal,Random,R,Center_bank_boundary,Center_scratch,Donut_bank_boundary,Donut_fork,Edge-Ring_bank_boundary,Edge-Ring_scratch,Edge-Top_fork,Full_scratch,ParallelScratches,RingDots"
810f080c6ff072fbaa9ea3d901dbbfd15beb5194e78393c127340ee7784e6a5d,L1_queue,adapter + queue4096,3,0,adapted_f,Louvain-res6,k15/res6/seed42/size<=2-noise,31,32,0.9688,53,0.9312,0.0,0.9313,0.9679,53,32,13,1.6562,0.4716,0.871,0.9459,D:\project\unknown-contrastive\result_grouping\_fcmae_cd260721\embeddings\L1_q_ep0.npy,9e3eb06b1034eabd2174995cdaf758064e961afc0b9370fe8af9b7cf836a7479,4149,1024,D:\project\unknown-contrastive\data\images\unknown_eval100,e57acedb23dcc18f8af6791d2904dd4bf96c5bac15a781624f44d81449d096db,D:\project\unknown-contrastive\data\images\unknown_train_defectaware_260710,7bd2aa017015f811ad5253b8d90a66bfcbe8eaaef7de429c01b0213a837d0dbc,471dfd5ff69ac57232371e960c5d8402094b21e527fa4947bb9332b0e1001d2e,"Normal,Random,R,Center_bank_boundary,Center_scratch,Donut_bank_boundary,Donut_fork,Edge-Ring_bank_boundary,Edge-Ring_scratch,Edge-Top_fork,Full_scratch,ParallelScratches,RingDots"
810f080c6ff072fbaa9ea3d901dbbfd15beb5194e78393c127340ee7784e6a5d,L1_queue,adapter + queue4096,3,1,adapted_f,FINCH-p2,finch_p2(k52),31,32,0.9688,51,0.8841,0.0,0.9145,0.952,52,32,14,1.625,0.4018,0.8318,0.9285,D:\project\unknown-contrastive\result_grouping\_fcmae_cd260721\embeddings\L1_q_ep1.npy,08264cac5cc20a366534f3b41483d9a92eae847e91800d96994198b8285f990f,4149,1024,D:\project\unknown-contrastive\data\images\unknown_eval100,e57acedb23dcc18f8af6791d2904dd4bf96c5bac15a781624f44d81449d096db,D:\project\unknown-contrastive\data\images\unknown_train_defectaware_260710,7bd2aa017015f811ad5253b8d90a66bfcbe8eaaef7de429c01b0213a837d0dbc,471dfd5ff69ac57232371e960c5d8402094b21e527fa4947bb9332b0e1001d2e,"Normal,Random,R,Center_bank_boundary,Center_scratch,Donut_bank_boundary,Donut_fork,Edge-Ring_bank_boundary,Edge-Ring_scratch,Edge-Top_fork,Full_scratch,ParallelScratches,RingDots"
810f080c6ff072fbaa9ea3d901dbbfd15beb5194e78393c127340ee7784e6a5d,L1_queue,adapter + queue4096,3,1,adapted_f,Louvain-res6,k15/res6/seed42/size<=2-noise,31,32,0.9688,53,0.92,0.0,0.9286,0.9661,53,32,13,1.6562,0.466,0.8684,0.9435,D:\project\unknown-contrastive\result_grouping\_fcmae_cd260721\embeddings\L1_q_ep1.npy,08264cac5cc20a366534f3b41483d9a92eae847e91800d96994198b8285f990f,4149,1024,D:\project\unknown-contrastive\data\images\unknown_eval100,e57acedb23dcc18f8af6791d2904dd4bf96c5bac15a781624f44d81449d096db,D:\project\unknown-contrastive\data\images\unknown_train_defectaware_260710,7bd2aa017015f811ad5253b8d90a66bfcbe8eaaef7de429c01b0213a837d0dbc,471dfd5ff69ac57232371e960c5d8402094b21e527fa4947bb9332b0e1001d2e,"Normal,Random,R,Center_bank_boundary,Center_scratch,Donut_bank_boundary,Donut_fork,Edge-Ring_bank_boundary,Edge-Ring_scratch,Edge-Top_fork,Full_scratch,ParallelScratches,RingDots"
810f080c6ff072fbaa9ea3d901dbbfd15beb5194e78393c127340ee7784e6a5d,L1_queue,adapter + queue4096,3,2,adapted_f,FINCH-p2,finch_p2(k57),31,32,0.9688,57,0.8859,0.0,0.8965,0.9446,57,32,14,1.7812,0.4057,0.7846,0.9142,D:\project\unknown-contrastive\result_grouping\_fcmae_cd260721\embeddings\L1_q_ep2.npy,872556abadcb2cc1981dd7f631afefe20bb243f6f605beecdb383a5f6de01c22,4149,1024,D:\project\unknown-contrastive\data\images\unknown_eval100,e57acedb23dcc18f8af6791d2904dd4bf96c5bac15a781624f44d81449d096db,D:\project\unknown-contrastive\data\images\unknown_train_defectaware_260710,7bd2aa017015f811ad5253b8d90a66bfcbe8eaaef7de429c01b0213a837d0dbc,471dfd5ff69ac57232371e960c5d8402094b21e527fa4947bb9332b0e1001d2e,"Normal,Random,R,Center_bank_boundary,Center_scratch,Donut_bank_boundary,Donut_fork,Edge-Ring_bank_boundary,Edge-Ring_scratch,Edge-Top_fork,Full_scratch,ParallelScratches,RingDots"
810f080c6ff072fbaa9ea3d901dbbfd15beb5194e78393c127340ee7784e6a5d,L1_queue,adapter + queue4096,3,2,adapted_f,Louvain-res6,k15/res6/seed42/size<=2-noise,31,32,0.9688,53,0.9325,0.0,0.9315,0.9678,53,32,13,1.6562,0.4619,0.8718,0.946,D:\project\unknown-contrastive\result_grouping\_fcmae_cd260721\embeddings\L1_q_ep2.npy,872556abadcb2cc1981dd7f631afefe20bb243f6f605beecdb383a5f6de01c22,4149,1024,D:\project\unknown-contrastive\data\images\unknown_eval100,e57acedb23dcc18f8af6791d2904dd4bf96c5bac15a781624f44d81449d096db,D:\project\unknown-contrastive\data\images\unknown_train_defectaware_260710,7bd2aa017015f811ad5253b8d90a66bfcbe8eaaef7de429c01b0213a837d0dbc,471dfd5ff69ac57232371e960c5d8402094b21e527fa4947bb9332b0e1001d2e,"Normal,Random,R,Center_bank_boundary,Center_scratch,Donut_bank_boundary,Donut_fork,Edge-Ring_bank_boundary,Edge-Ring_scratch,Edge-Top_fork,Full_scratch,ParallelScratches,RingDots"
810f080c6ff072fbaa9ea3d901dbbfd15beb5194e78393c127340ee7784e6a5d,L1_queue,adapter + queue4096,3,3,adapted_f,FINCH-p2,finch_p2(k55),31,32,0.9688,55,0.9016,0.0,0.9061,0.9543,55,32,14,1.7188,0.4083,0.814,0.9247,D:\project\unknown-contrastive\result_grouping\_fcmae_cd260721\embeddings\L1_q_ep3.npy,a61b4f445ec3d383fae81674ab49cdfc99fdf5e07ae21581c95c2e775b740350,4149,1024,D:\project\unknown-contrastive\data\images\unknown_eval100,e57acedb23dcc18f8af6791d2904dd4bf96c5bac15a781624f44d81449d096db,D:\project\unknown-contrastive\data\images\unknown_train_defectaware_260710,7bd2aa017015f811ad5253b8d90a66bfcbe8eaaef7de429c01b0213a837d0dbc,471dfd5ff69ac57232371e960c5d8402094b21e527fa4947bb9332b0e1001d2e,"Normal,Random,R,Center_bank_boundary,Center_scratch,Donut_bank_boundary,Donut_fork,Edge-Ring_bank_boundary,Edge-Ring_scratch,Edge-Top_fork,Full_scratch,ParallelScratches,RingDots"
810f080c6ff072fbaa9ea3d901dbbfd15beb5194e78393c127340ee7784e6a5d,L1_queue,adapter + queue4096,3,3,adapted_f,Louvain-res6,k15/res6/seed42/size<=2-noise,31,32,0.9688,53,0.9116,0.0,0.9178,0.9591,53,32,13,1.6562,0.4607,0.8466,0.9339,D:\project\unknown-contrastive\result_grouping\_fcmae_cd260721\embeddings\L1_q_ep3.npy,a61b4f445ec3d383fae81674ab49cdfc99fdf5e07ae21581c95c2e775b740350,4149,1024,D:\project\unknown-contrastive\data\images\unknown_eval100,e57acedb23dcc18f8af6791d2904dd4bf96c5bac15a781624f44d81449d096db,D:\project\unknown-contrastive\data\images\unknown_train_defectaware_260710,7bd2aa017015f811ad5253b8d90a66bfcbe8eaaef7de429c01b0213a837d0dbc,471dfd5ff69ac57232371e960c5d8402094b21e527fa4947bb9332b0e1001d2e,"Normal,Random,R,Center_bank_boundary,Center_scratch,Donut_bank_boundary,Donut_fork,Edge-Ring_bank_boundary,Edge-Ring_scratch,Edge-Top_fork,Full_scratch,ParallelScratches,RingDots"
810f080c6ff072fbaa9ea3d901dbbfd15beb5194e78393c127340ee7784e6a5d,L1_queue,adapter + queue4096,3,4,adapted_f,FINCH-p2,finch_p2(k60),31,32,0.9688,60,0.875,0.0,0.8759,0.9424,60,32,14,1.875,0.3146,0.7453,0.9008,D:\project\unknown-contrastive\result_grouping\_fcmae_cd260721\embeddings\L1_q_ep4.npy,548b5178ffc03b4a0333ce4e5179daef7b8d26c577bfd77ab6deb23f5f0abb6b,4149,1024,D:\project\unknown-contrastive\data\images\unknown_eval100,e57acedb23dcc18f8af6791d2904dd4bf96c5bac15a781624f44d81449d096db,D:\project\unknown-contrastive\data\images\unknown_train_defectaware_260710,7bd2aa017015f811ad5253b8d90a66bfcbe8eaaef7de429c01b0213a837d0dbc,471dfd5ff69ac57232371e960c5d8402094b21e527fa4947bb9332b0e1001d2e,"Normal,Random,R,Center_bank_boundary,Center_scratch,Donut_bank_boundary,Donut_fork,Edge-Ring_bank_boundary,Edge-Ring_scratch,Edge-Top_fork,Full_scratch,ParallelScratches,RingDots"
810f080c6ff072fbaa9ea3d901dbbfd15beb5194e78393c127340ee7784e6a5d,L1_queue,adapter + queue4096,3,4,adapted_f,Louvain-res6,k15/res6/seed42/size<=2-noise,31,32,0.9688,54,0.9112,0.0,0.9175,0.962,54,32,13,1.6875,0.4648,0.847,0.9351,D:\project\unknown-contrastive\result_grouping\_fcmae_cd260721\embeddings\L1_q_ep4.npy,548b5178ffc03b4a0333ce4e5179daef7b8d26c577bfd77ab6deb23f5f0abb6b,4149,1024,D:\project\unknown-contrastive\data\images\unknown_eval100,e57acedb23dcc18f8af6791d2904dd4bf96c5bac15a781624f44d81449d096db,D:\project\unknown-contrastive\data\images\unknown_train_defectaware_260710,7bd2aa017015f811ad5253b8d90a66bfcbe8eaaef7de429c01b0213a837d0dbc,471dfd5ff69ac57232371e960c5d8402094b21e527fa4947bb9332b0e1001d2e,"Normal,Random,R,Center_bank_boundary,Center_scratch,Donut_bank_boundary,Donut_fork,Edge-Ring_bank_boundary,Edge-Ring_scratch,Edge-Top_fork,Full_scratch,ParallelScratches,RingDots"
810f080c6ff072fbaa9ea3d901dbbfd15beb5194e78393c127340ee7784e6a5d,L1_queue,adapter + queue4096,3,5,adapted_f,FINCH-p2,finch_p2(k53),30,32,0.9375,52,0.8613,0.0,0.9068,0.9495,53,32,12,1.6562,0.3813,0.7932,0.9226,D:\project\unknown-contrastive\result_grouping\_fcmae_cd260721\embeddings\L1_q_ep5.npy,cc1f75b80302fee5f11cfcb6d4ab6b646808574da256ed66916cb636e66acce4,4149,1024,D:\project\unknown-contrastive\data\images\unknown_eval100,e57acedb23dcc18f8af6791d2904dd4bf96c5bac15a781624f44d81449d096db,D:\project\unknown-contrastive\data\images\unknown_train_defectaware_260710,7bd2aa017015f811ad5253b8d90a66bfcbe8eaaef7de429c01b0213a837d0dbc,471dfd5ff69ac57232371e960c5d8402094b21e527fa4947bb9332b0e1001d2e,"Normal,Random,R,Center_bank_boundary,Center_scratch,Donut_bank_boundary,Donut_fork,Edge-Ring_bank_boundary,Edge-Ring_scratch,Edge-Top_fork,Full_scratch,ParallelScratches,RingDots"
810f080c6ff072fbaa9ea3d901dbbfd15beb5194e78393c127340ee7784e6a5d,L1_queue,adapter + queue4096,3,5,adapted_f,Louvain-res6,k15/res6/seed42/size<=2-noise,31,32,0.9688,53,0.9141,0.0,0.921,0.9655,53,32,12,1.6562,0.461,0.852,0.9388,D:\project\unknown-contrastive\result_grouping\_fcmae_cd260721\embeddings\L1_q_ep5.npy,cc1f75b80302fee5f11cfcb6d4ab6b646808574da256ed66916cb636e66acce4,4149,1024,D:\project\unknown-contrastive\data\images\unknown_eval100,e57acedb23dcc18f8af6791d2904dd4bf96c5bac15a781624f44d81449d096db,D:\project\unknown-contrastive\data\images\unknown_train_defectaware_260710,7bd2aa017015f811ad5253b8d90a66bfcbe8eaaef7de429c01b0213a837d0dbc,471dfd5ff69ac57232371e960c5d8402094b21e527fa4947bb9332b0e1001d2e,"Normal,Random,R,Center_bank_boundary,Center_scratch,Donut_bank_boundary,Donut_fork,Edge-Ring_bank_boundary,Edge-Ring_scratch,Edge-Top_fork,Full_scratch,ParallelScratches,RingDots"
810f080c6ff072fbaa9ea3d901dbbfd15beb5194e78393c127340ee7784e6a5d,L2_queue_ignore,adapter + queue4096 + ignore0.75,3,0,adapted_f,FINCH-p2,finch_p2(k62),32,32,1.0,62,0.9259,0.0,0.8914,0.9583,62,32,16,1.9375,0.381,0.805,0.9178,D:\project\unknown-contrastive\result_grouping\_fcmae_cd260721\embeddings\L2_qi_ep0.npy,9e3eb06b1034eabd2174995cdaf758064e961afc0b9370fe8af9b7cf836a7479,4149,1024,D:\project\unknown-contrastive\data\images\unknown_eval100,e57acedb23dcc18f8af6791d2904dd4bf96c5bac15a781624f44d81449d096db,D:\project\unknown-contrastive\data\images\unknown_train_defectaware_260710,7bd2aa017015f811ad5253b8d90a66bfcbe8eaaef7de429c01b0213a837d0dbc,471dfd5ff69ac57232371e960c5d8402094b21e527fa4947bb9332b0e1001d2e,"Normal,Random,R,Center_bank_boundary,Center_scratch,Donut_bank_boundary,Donut_fork,Edge-Ring_bank_boundary,Edge-Ring_scratch,Edge-Top_fork,Full_scratch,ParallelScratches,RingDots"
810f080c6ff072fbaa9ea3d901dbbfd15beb5194e78393c127340ee7784e6a5d,L2_queue_ignore,adapter + queue4096 + ignore0.75,3,0,adapted_f,Louvain-res6,k15/res6/seed42/size<=2-noise,31,32,0.9688,53,0.9312,0.0,0.9313,0.9679,53,32,13,1.6562,0.4716,0.871,0.9459,D:\project\unknown-contrastive\result_grouping\_fcmae_cd260721\embeddings\L2_qi_ep0.npy,9e3eb06b1034eabd2174995cdaf758064e961afc0b9370fe8af9b7cf836a7479,4149,1024,D:\project\unknown-contrastive\data\images\unknown_eval100,e57acedb23dcc18f8af6791d2904dd4bf96c5bac15a781624f44d81449d096db,D:\project\unknown-contrastive\data\images\unknown_train_defectaware_260710,7bd2aa017015f811ad5253b8d90a66bfcbe8eaaef7de429c01b0213a837d0dbc,471dfd5ff69ac57232371e960c5d8402094b21e527fa4947bb9332b0e1001d2e,"Normal,Random,R,Center_bank_boundary,Center_scratch,Donut_bank_boundary,Donut_fork,Edge-Ring_bank_boundary,Edge-Ring_scratch,Edge-Top_fork,Full_scratch,ParallelScratches,RingDots"
810f080c6ff072fbaa9ea3d901dbbfd15beb5194e78393c127340ee7784e6a5d,L2_queue_ignore,adapter + queue4096 + ignore0.75,3,1,adapted_f,FINCH-p2,finch_p2(k51),32,32,1.0,51,0.9372,0.0,0.9276,0.964,51,32,12,1.5938,0.3578,0.8599,0.9419,D:\project\unknown-contrastive\result_grouping\_fcmae_cd260721\embeddings\L2_qi_ep1.npy,5164bea2930c014038cb08aaf3dcd37cef3b0907ff5cdcb5a32b73fac92c3e2a,4149,1024,D:\project\unknown-contrastive\data\images\unknown_eval100,e57acedb23dcc18f8af6791d2904dd4bf96c5bac15a781624f44d81449d096db,D:\project\unknown-contrastive\data\images\unknown_train_defectaware_260710,7bd2aa017015f811ad5253b8d90a66bfcbe8eaaef7de429c01b0213a837d0dbc,471dfd5ff69ac57232371e960c5d8402094b21e527fa4947bb9332b0e1001d2e,"Normal,Random,R,Center_bank_boundary,Center_scratch,Donut_bank_boundary,Donut_fork,Edge-Ring_bank_boundary,Edge-Ring_scratch,Edge-Top_fork,Full_scratch,ParallelScratches,RingDots"
810f080c6ff072fbaa9ea3d901dbbfd15beb5194e78393c127340ee7784e6a5d,L2_queue_ignore,adapter + queue4096 + ignore0.75,3,1,adapted_f,Louvain-res6,k15/res6/seed42/size<=2-noise,31,32,0.9688,53,0.9194,0.0,0.9273,0.965,53,32,13,1.6562,0.47,0.8648,0.9422,D:\project\unknown-contrastive\result_grouping\_fcmae_cd260721\embeddings\L2_qi_ep1.npy,5164bea2930c014038cb08aaf3dcd37cef3b0907ff5cdcb5a32b73fac92c3e2a,4149,1024,D:\project\unknown-contrastive\data\images\unknown_eval100,e57acedb23dcc18f8af6791d2904dd4bf96c5bac15a781624f44d81449d096db,D:\project\unknown-contrastive\data\images\unknown_train_defectaware_260710,7bd2aa017015f811ad5253b8d90a66bfcbe8eaaef7de429c01b0213a837d0dbc,471dfd5ff69ac57232371e960c5d8402094b21e527fa4947bb9332b0e1001d2e,"Normal,Random,R,Center_bank_boundary,Center_scratch,Donut_bank_boundary,Donut_fork,Edge-Ring_bank_boundary,Edge-Ring_scratch,Edge-Top_fork,Full_scratch,ParallelScratches,RingDots"
810f080c6ff072fbaa9ea3d901dbbfd15beb5194e78393c127340ee7784e6a5d,L2_queue_ignore,adapter + queue4096 + ignore0.75,3,2,adapted_f,FINCH-p2,finch_p2(k60),32,32,1.0,60,0.8884,0.0,0.8766,0.9437,60,32,14,1.875,0.365,0.7569,0.902,D:\project\unknown-contrastive\result_grouping\_fcmae_cd260721\embeddings\L2_qi_ep2.npy,4ac9c5654a20cb1b118e1988b7b41f8ef662115e46c9b868088c22aa21b14cb4,4149,1024,D:\project\unknown-contrastive\data\images\unknown_eval100,e57acedb23dcc18f8af6791d2904dd4bf96c5bac15a781624f44d81449d096db,D:\project\unknown-contrastive\data\images\unknown_train_defectaware_260710,7bd2aa017015f811ad5253b8d90a66bfcbe8eaaef7de429c01b0213a837d0dbc,471dfd5ff69ac57232371e960c5d8402094b21e527fa4947bb9332b0e1001d2e,"Normal,Random,R,Center_bank_boundary,Center_scratch,Donut_bank_boundary,Donut_fork,Edge-Ring_bank_boundary,Edge-Ring_scratch,Edge-Top_fork,Full_scratch,ParallelScratches,RingDots"
810f080c6ff072fbaa9ea3d901dbbfd15beb5194e78393c127340ee7784e6a5d,L2_queue_ignore,adapter + queue4096 + ignore0.75,3,2,adapted_f,Louvain-res6,k15/res6/seed42/size<=2-noise,31,32,0.9688,54,0.9094,0.0,0.9168,0.9614,54,32,13,1.6875,0.4707,0.8449,0.9344,D:\project\unknown-contrastive\result_grouping\_fcmae_cd260721\embeddings\L2_qi_ep2.npy,4ac9c5654a20cb1b118e1988b7b41f8ef662115e46c9b868088c22aa21b14cb4,4149,1024,D:\project\unknown-contrastive\data\images\unknown_eval100,e57acedb23dcc18f8af6791d2904dd4bf96c5bac15a781624f44d81449d096db,D:\project\unknown-contrastive\data\images\unknown_train_defectaware_260710,7bd2aa017015f811ad5253b8d90a66bfcbe8eaaef7de429c01b0213a837d0dbc,471dfd5ff69ac57232371e960c5d8402094b21e527fa4947bb9332b0e1001d2e,"Normal,Random,R,Center_bank_boundary,Center_scratch,Donut_bank_boundary,Donut_fork,Edge-Ring_bank_boundary,Edge-Ring_scratch,Edge-Top_fork,Full_scratch,ParallelScratches,RingDots"
810f080c6ff072fbaa9ea3d901dbbfd15beb5194e78393c127340ee7784e6a5d,L2_queue_ignore,adapter + queue4096 + ignore0.75,3,3,adapted_f,FINCH-p2,finch_p2(k62),31,32,0.9688,62,0.8744,0.0,0.8806,0.9446,62,32,16,1.9375,0.4068,0.7538,0.9047,D:\project\unknown-contrastive\result_grouping\_fcmae_cd260721\embeddings\L2_qi_ep3.npy,f18a3b5dfe380097f7659d77ff5a45a462e463dabfa632dbfb5bcfa64cc3d812,4149,1024,D:\project\unknown-contrastive\data\images\unknown_eval100,e57acedb23dcc18f8af6791d2904dd4bf96c5bac15a781624f44d81449d096db,D:\project\unknown-contrastive\data\images\unknown_train_defectaware_260710,7bd2aa017015f811ad5253b8d90a66bfcbe8eaaef7de429c01b0213a837d0dbc,471dfd5ff69ac57232371e960c5d8402094b21e527fa4947bb9332b0e1001d2e,"Normal,Random,R,Center_bank_boundary,Center_scratch,Donut_bank_boundary,Donut_fork,Edge-Ring_bank_boundary,Edge-Ring_scratch,Edge-Top_fork,Full_scratch,ParallelScratches,RingDots"
810f080c6ff072fbaa9ea3d901dbbfd15beb5194e78393c127340ee7784e6a5d,L2_queue_ignore,adapter + queue4096 + ignore0.75,3,3,adapted_f,Louvain-res6,k15/res6/seed42/size<=2-noise,31,32,0.9688,55,0.9116,0.0,0.9141,0.9623,55,32,13,1.7188,0.4665,0.8407,0.9332,D:\project\unknown-contrastive\result_grouping\_fcmae_cd260721\embeddings\L2_qi_ep3.npy,f18a3b5dfe380097f7659d77ff5a45a462e463dabfa632dbfb5bcfa64cc3d812,4149,1024,D:\project\unknown-contrastive\data\images\unknown_eval100,e57acedb23dcc18f8af6791d2904dd4bf96c5bac15a781624f44d81449d096db,D:\project\unknown-contrastive\data\images\unknown_train_defectaware_260710,7bd2aa017015f811ad5253b8d90a66bfcbe8eaaef7de429c01b0213a837d0dbc,471dfd5ff69ac57232371e960c5d8402094b21e527fa4947bb9332b0e1001d2e,"Normal,Random,R,Center_bank_boundary,Center_scratch,Donut_bank_boundary,Donut_fork,Edge-Ring_bank_boundary,Edge-Ring_scratch,Edge-Top_fork,Full_scratch,ParallelScratches,RingDots"
810f080c6ff072fbaa9ea3d901dbbfd15beb5194e78393c127340ee7784e6a5d,L2_queue_ignore,adapter + queue4096 + ignore0.75,3,4,adapted_f,FINCH-p2,finch_p2(k63),31,32,0.9688,63,0.8803,0.0,0.879,0.9476,63,32,16,1.9688,0.4144,0.763,0.9052,D:\project\unknown-contrastive\result_grouping\_fcmae_cd260721\embeddings\L2_qi_ep4.npy,91a9fee7a5a99fdc04d25966004ee8ba9051e3645fb73a6d6128d0501d3fb6ba,4149,1024,D:\project\unknown-contrastive\data\images\unknown_eval100,e57acedb23dcc18f8af6791d2904dd4bf96c5bac15a781624f44d81449d096db,D:\project\unknown-contrastive\data\images\unknown_train_defectaware_260710,7bd2aa017015f811ad5253b8d90a66bfcbe8eaaef7de429c01b0213a837d0dbc,471dfd5ff69ac57232371e960c5d8402094b21e527fa4947bb9332b0e1001d2e,"Normal,Random,R,Center_bank_boundary,Center_scratch,Donut_bank_boundary,Donut_fork,Edge-Ring_bank_boundary,Edge-Ring_scratch,Edge-Top_fork,Full_scratch,ParallelScratches,RingDots"
810f080c6ff072fbaa9ea3d901dbbfd15beb5194e78393c127340ee7784e6a5d,L2_queue_ignore,adapter + queue4096 + ignore0.75,3,4,adapted_f,Louvain-res6,k15/res6/seed42/size<=2-noise,31,32,0.9688,55,0.9141,0.0,0.9159,0.9633,55,32,13,1.7188,0.4684,0.8441,0.9348,D:\project\unknown-contrastive\result_grouping\_fcmae_cd260721\embeddings\L2_qi_ep4.npy,91a9fee7a5a99fdc04d25966004ee8ba9051e3645fb73a6d6128d0501d3fb6ba,4149,1024,D:\project\unknown-contrastive\data\images\unknown_eval100,e57acedb23dcc18f8af6791d2904dd4bf96c5bac15a781624f44d81449d096db,D:\project\unknown-contrastive\data\images\unknown_train_defectaware_260710,7bd2aa017015f811ad5253b8d90a66bfcbe8eaaef7de429c01b0213a837d0dbc,471dfd5ff69ac57232371e960c5d8402094b21e527fa4947bb9332b0e1001d2e,"Normal,Random,R,Center_bank_boundary,Center_scratch,Donut_bank_boundary,Donut_fork,Edge-Ring_bank_boundary,Edge-Ring_scratch,Edge-Top_fork,Full_scratch,ParallelScratches,RingDots"
810f080c6ff072fbaa9ea3d901dbbfd15beb5194e78393c127340ee7784e6a5d,L2_queue_ignore,adapter + queue4096 + ignore0.75,3,5,adapted_f,FINCH-p2,finch_p2(k59),32,32,1.0,59,0.9172,0.0,0.8946,0.9554,59,32,14,1.8438,0.3876,0.8049,0.9184,D:\project\unknown-contrastive\result_grouping\_fcmae_cd260721\embeddings\L2_qi_ep5.npy,62bddbf7e8d817f50e4ceee0b4573786679fccbd9194fbee9f5ac465b61c819f,4149,1024,D:\project\unknown-contrastive\data\images\unknown_eval100,e57acedb23dcc18f8af6791d2904dd4bf96c5bac15a781624f44d81449d096db,D:\project\unknown-contrastive\data\images\unknown_train_defectaware_260710,7bd2aa017015f811ad5253b8d90a66bfcbe8eaaef7de429c01b0213a837d0dbc,471dfd5ff69ac57232371e960c5d8402094b21e527fa4947bb9332b0e1001d2e,"Normal,Random,R,Center_bank_boundary,Center_scratch,Donut_bank_boundary,Donut_fork,Edge-Ring_bank_boundary,Edge-Ring_scratch,Edge-Top_fork,Full_scratch,ParallelScratches,RingDots"
810f080c6ff072fbaa9ea3d901dbbfd15beb5194e78393c127340ee7784e6a5d,L2_queue_ignore,adapter + queue4096 + ignore0.75,3,5,adapted_f,Louvain-res6,k15/res6/seed42/size<=2-noise,31,32,0.9688,55,0.9141,0.0,0.9151,0.9632,55,32,13,1.7188,0.4696,0.845,0.9343,D:\project\unknown-contrastive\result_grouping\_fcmae_cd260721\embeddings\L2_qi_ep5.npy,62bddbf7e8d817f50e4ceee0b4573786679fccbd9194fbee9f5ac465b61c819f,4149,1024,D:\project\unknown-contrastive\data\images\unknown_eval100,e57acedb23dcc18f8af6791d2904dd4bf96c5bac15a781624f44d81449d096db,D:\project\unknown-contrastive\data\images\unknown_train_defectaware_260710,7bd2aa017015f811ad5253b8d90a66bfcbe8eaaef7de429c01b0213a837d0dbc,471dfd5ff69ac57232371e960c5d8402094b21e527fa4947bb9332b0e1001d2e,"Normal,Random,R,Center_bank_boundary,Center_scratch,Donut_bank_boundary,Donut_fork,Edge-Ring_bank_boundary,Edge-Ring_scratch,Edge-Top_fork,Full_scratch,ParallelScratches,RingDots"
810f080c6ff072fbaa9ea3d901dbbfd15beb5194e78393c127340ee7784e6a5d,L3_queue_ignore_nv,adapter + queue4096 + ignore0.75 + NV0.75,3,0,adapted_f,FINCH-p2,finch_p2(k62),32,32,1.0,62,0.9259,0.0,0.8914,0.9583,62,32,16,1.9375,0.381,0.805,0.9178,D:\project\unknown-contrastive\result_grouping\_fcmae_cd260721\embeddings\L3_qiN_ep0.npy,9e3eb06b1034eabd2174995cdaf758064e961afc0b9370fe8af9b7cf836a7479,4149,1024,D:\project\unknown-contrastive\data\images\unknown_eval100,e57acedb23dcc18f8af6791d2904dd4bf96c5bac15a781624f44d81449d096db,D:\project\unknown-contrastive\data\images\unknown_train_defectaware_260710,7bd2aa017015f811ad5253b8d90a66bfcbe8eaaef7de429c01b0213a837d0dbc,471dfd5ff69ac57232371e960c5d8402094b21e527fa4947bb9332b0e1001d2e,"Normal,Random,R,Center_bank_boundary,Center_scratch,Donut_bank_boundary,Donut_fork,Edge-Ring_bank_boundary,Edge-Ring_scratch,Edge-Top_fork,Full_scratch,ParallelScratches,RingDots"
810f080c6ff072fbaa9ea3d901dbbfd15beb5194e78393c127340ee7784e6a5d,L3_queue_ignore_nv,adapter + queue4096 + ignore0.75 + NV0.75,3,0,adapted_f,Louvain-res6,k15/res6/seed42/size<=2-noise,31,32,0.9688,53,0.9312,0.0,0.9313,0.9679,53,32,13,1.6562,0.4716,0.871,0.9459,D:\project\unknown-contrastive\result_grouping\_fcmae_cd260721\embeddings\L3_qiN_ep0.npy,9e3eb06b1034eabd2174995cdaf758064e961afc0b9370fe8af9b7cf836a7479,4149,1024,D:\project\unknown-contrastive\data\images\unknown_eval100,e57acedb23dcc18f8af6791d2904dd4bf96c5bac15a781624f44d81449d096db,D:\project\unknown-contrastive\data\images\unknown_train_defectaware_260710,7bd2aa017015f811ad5253b8d90a66bfcbe8eaaef7de429c01b0213a837d0dbc,471dfd5ff69ac57232371e960c5d8402094b21e527fa4947bb9332b0e1001d2e,"Normal,Random,R,Center_bank_boundary,Center_scratch,Donut_bank_boundary,Donut_fork,Edge-Ring_bank_boundary,Edge-Ring_scratch,Edge-Top_fork,Full_scratch,ParallelScratches,RingDots"
810f080c6ff072fbaa9ea3d901dbbfd15beb5194e78393c127340ee7784e6a5d,L3_queue_ignore_nv,adapter + queue4096 + ignore0.75 + NV0.75,3,1,adapted_f,FINCH-p2,finch_p2(k53),29,32,0.9062,52,0.8447,0.0,0.9136,0.9492,53,32,14,1.6562,0.383,0.8063,0.9264,D:\project\unknown-contrastive\result_grouping\_fcmae_cd260721\embeddings\L3_qiN_ep1.npy,8f5f810ddc029b2cd8d634318cf8a6180a1dd839ed0cb26d6ad70cd23ad8104a,4149,1024,D:\project\unknown-contrastive\data\images\unknown_eval100,e57acedb23dcc18f8af6791d2904dd4bf96c5bac15a781624f44d81449d096db,D:\project\unknown-contrastive\data\images\unknown_train_defectaware_260710,7bd2aa017015f811ad5253b8d90a66bfcbe8eaaef7de429c01b0213a837d0dbc,471dfd5ff69ac57232371e960c5d8402094b21e527fa4947bb9332b0e1001d2e,"Normal,Random,R,Center_bank_boundary,Center_scratch,Donut_bank_boundary,Donut_fork,Edge-Ring_bank_boundary,Edge-Ring_scratch,Edge-Top_fork,Full_scratch,ParallelScratches,RingDots"
810f080c6ff072fbaa9ea3d901dbbfd15beb5194e78393c127340ee7784e6a5d,L3_queue_ignore_nv,adapter + queue4096 + ignore0.75 + NV0.75,3,1,adapted_f,Louvain-res6,k15/res6/seed42/size<=2-noise,30,32,0.9375,53,0.9125,0.0,0.9317,0.9656,53,32,13,1.6562,0.4576,0.8572,0.9449,D:\project\unknown-contrastive\result_grouping\_fcmae_cd260721\embeddings\L3_qiN_ep1.npy,8f5f810ddc029b2cd8d634318cf8a6180a1dd839ed0cb26d6ad70cd23ad8104a,4149,1024,D:\project\unknown-contrastive\data\images\unknown_eval100,e57acedb23dcc18f8af6791d2904dd4bf96c5bac15a781624f44d81449d096db,D:\project\unknown-contrastive\data\images\unknown_train_defectaware_260710,7bd2aa017015f811ad5253b8d90a66bfcbe8eaaef7de429c01b0213a837d0dbc,471dfd5ff69ac57232371e960c5d8402094b21e527fa4947bb9332b0e1001d2e,"Normal,Random,R,Center_bank_boundary,Center_scratch,Donut_bank_boundary,Donut_fork,Edge-Ring_bank_boundary,Edge-Ring_scratch,Edge-Top_fork,Full_scratch,ParallelScratches,RingDots"
810f080c6ff072fbaa9ea3d901dbbfd15beb5194e78393c127340ee7784e6a5d,L3_queue_ignore_nv,adapter + queue4096 + ignore0.75 + NV0.75,3,2,adapted_f,FINCH-p2,finch_p2(k55),30,32,0.9375,54,0.8794,0.0,0.9054,0.9531,55,32,12,1.7188,0.3444,0.8043,0.9235,D:\project\unknown-contrastive\result_grouping\_fcmae_cd260721\embeddings\L3_qiN_ep2.npy,53af06ad3e52753ce515e89d0267fb97697945cffc0819c5892b68b6a4ec5915,4149,1024,D:\project\unknown-contrastive\data\images\unknown_eval100,e57acedb23dcc18f8af6791d2904dd4bf96c5bac15a781624f44d81449d096db,D:\project\unknown-contrastive\data\images\unknown_train_defectaware_260710,7bd2aa017015f811ad5253b8d90a66bfcbe8eaaef7de429c01b0213a837d0dbc,471dfd5ff69ac57232371e960c5d8402094b21e527fa4947bb9332b0e1001d2e,"Normal,Random,R,Center_bank_boundary,Center_scratch,Donut_bank_boundary,Donut_fork,Edge-Ring_bank_boundary,Edge-Ring_scratch,Edge-Top_fork,Full_scratch,ParallelScratches,RingDots"
810f080c6ff072fbaa9ea3d901dbbfd15beb5194e78393c127340ee7784e6a5d,L3_queue_ignore_nv,adapter + queue4096 + ignore0.75 + NV0.75,3,2,adapted_f,Louvain-res6,k15/res6/seed42/size<=2-noise,31,32,0.9688,54,0.9206,0.0,0.9221,0.9669,54,32,13,1.6875,0.4615,0.8568,0.9402,D:\project\unknown-contrastive\result_grouping\_fcmae_cd260721\embeddings\L3_qiN_ep2.npy,53af06ad3e52753ce515e89d0267fb97697945cffc0819c5892b68b6a4ec5915,4149,1024,D:\project\unknown-contrastive\data\images\unknown_eval100,e57acedb23dcc18f8af6791d2904dd4bf96c5bac15a781624f44d81449d096db,D:\project\unknown-contrastive\data\images\unknown_train_defectaware_260710,7bd2aa017015f811ad5253b8d90a66bfcbe8eaaef7de429c01b0213a837d0dbc,471dfd5ff69ac57232371e960c5d8402094b21e527fa4947bb9332b0e1001d2e,"Normal,Random,R,Center_bank_boundary,Center_scratch,Donut_bank_boundary,Donut_fork,Edge-Ring_bank_boundary,Edge-Ring_scratch,Edge-Top_fork,Full_scratch,ParallelScratches,RingDots"
810f080c6ff072fbaa9ea3d901dbbfd15beb5194e78393c127340ee7784e6a5d,L3_queue_ignore_nv,adapter + queue4096 + ignore0.75 + NV0.75,3,3,adapted_f,FINCH-p2,finch_p2(k55),32,32,1.0,55,0.9125,0.0,0.9107,0.954,55,32,14,1.7188,0.3826,0.8242,0.9271,D:\project\unknown-contrastive\result_grouping\_fcmae_cd260721\embeddings\L3_qiN_ep3.npy,70f2060db94df1937dd7bebc454c8293f8f2d9e15ab7bbb7b5cf814e81f65c15,4149,1024,D:\project\unknown-contrastive\data\images\unknown_eval100,e57acedb23dcc18f8af6791d2904dd4bf96c5bac15a781624f44d81449d096db,D:\project\unknown-contrastive\data\images\unknown_train_defectaware_260710,7bd2aa017015f811ad5253b8d90a66bfcbe8eaaef7de429c01b0213a837d0dbc,471dfd5ff69ac57232371e960c5d8402094b21e527fa4947bb9332b0e1001d2e,"Normal,Random,R,Center_bank_boundary,Center_scratch,Donut_bank_boundary,Donut_fork,Edge-Ring_bank_boundary,Edge-Ring_scratch,Edge-Top_fork,Full_scratch,ParallelScratches,RingDots"
810f080c6ff072fbaa9ea3d901dbbfd15beb5194e78393c127340ee7784e6a5d,L3_queue_ignore_nv,adapter + queue4096 + ignore0.75 + NV0.75,3,3,adapted_f,Louvain-res6,k15/res6/seed42/size<=2-noise,31,32,0.9688,53,0.9178,0.0,0.926,0.9648,53,32,13,1.6562,0.489,0.8613,0.9414,D:\project\unknown-contrastive\result_grouping\_fcmae_cd260721\embeddings\L3_qiN_ep3.npy,70f2060db94df1937dd7bebc454c8293f8f2d9e15ab7bbb7b5cf814e81f65c15,4149,1024,D:\project\unknown-contrastive\data\images\unknown_eval100,e57acedb23dcc18f8af6791d2904dd4bf96c5bac15a781624f44d81449d096db,D:\project\unknown-contrastive\data\images\unknown_train_defectaware_260710,7bd2aa017015f811ad5253b8d90a66bfcbe8eaaef7de429c01b0213a837d0dbc,471dfd5ff69ac57232371e960c5d8402094b21e527fa4947bb9332b0e1001d2e,"Normal,Random,R,Center_bank_boundary,Center_scratch,Donut_bank_boundary,Donut_fork,Edge-Ring_bank_boundary,Edge-Ring_scratch,Edge-Top_fork,Full_scratch,ParallelScratches,RingDots"
810f080c6ff072fbaa9ea3d901dbbfd15beb5194e78393c127340ee7784e6a5d,L3_queue_ignore_nv,adapter + queue4096 + ignore0.75 + NV0.75,3,4,adapted_f,FINCH-p2,finch_p2(k53),31,32,0.9688,53,0.8816,0.0,0.9121,0.942,53,32,13,1.6562,0.4088,0.8083,0.9221,D:\project\unknown-contrastive\result_grouping\_fcmae_cd260721\embeddings\L3_qiN_ep4.npy,f92850e5ce83cb595d6e2148a1fb560ed18e21d8934f655b75b0a814c0f98597,4149,1024,D:\project\unknown-contrastive\data\images\unknown_eval100,e57acedb23dcc18f8af6791d2904dd4bf96c5bac15a781624f44d81449d096db,D:\project\unknown-contrastive\data\images\unknown_train_defectaware_260710,7bd2aa017015f811ad5253b8d90a66bfcbe8eaaef7de429c01b0213a837d0dbc,471dfd5ff69ac57232371e960c5d8402094b21e527fa4947bb9332b0e1001d2e,"Normal,Random,R,Center_bank_boundary,Center_scratch,Donut_bank_boundary,Donut_fork,Edge-Ring_bank_boundary,Edge-Ring_scratch,Edge-Top_fork,Full_scratch,ParallelScratches,RingDots"
810f080c6ff072fbaa9ea3d901dbbfd15beb5194e78393c127340ee7784e6a5d,L3_queue_ignore_nv,adapter + queue4096 + ignore0.75 + NV0.75,3,4,adapted_f,Louvain-res6,k15/res6/seed42/size<=2-noise,31,32,0.9688,53,0.9,0.0,0.919,0.9625,54,32,13,1.6875,0.472,0.8481,0.9362,D:\project\unknown-contrastive\result_grouping\_fcmae_cd260721\embeddings\L3_qiN_ep4.npy,f92850e5ce83cb595d6e2148a1fb560ed18e21d8934f655b75b0a814c0f98597,4149,1024,D:\project\unknown-contrastive\data\images\unknown_eval100,e57acedb23dcc18f8af6791d2904dd4bf96c5bac15a781624f44d81449d096db,D:\project\unknown-contrastive\data\images\unknown_train_defectaware_260710,7bd2aa017015f811ad5253b8d90a66bfcbe8eaaef7de429c01b0213a837d0dbc,471dfd5ff69ac57232371e960c5d8402094b21e527fa4947bb9332b0e1001d2e,"Normal,Random,R,Center_bank_boundary,Center_scratch,Donut_bank_boundary,Donut_fork,Edge-Ring_bank_boundary,Edge-Ring_scratch,Edge-Top_fork,Full_scratch,ParallelScratches,RingDots"
810f080c6ff072fbaa9ea3d901dbbfd15beb5194e78393c127340ee7784e6a5d,L3_queue_ignore_nv,adapter + queue4096 + ignore0.75 + NV0.75,3,5,adapted_f,FINCH-p2,finch_p2(k57),29,32,0.9062,56,0.8337,0.0,0.8866,0.9362,57,32,12,1.7812,0.3767,0.7442,0.9041,D:\project\unknown-contrastive\result_grouping\_fcmae_cd260721\embeddings\L3_qiN_ep5.npy,de80ae2ef8c2d404025a093076675cde575100c485f208f6aafdf2cf4527e148,4149,1024,D:\project\unknown-contrastive\data\images\unknown_eval100,e57acedb23dcc18f8af6791d2904dd4bf96c5bac15a781624f44d81449d096db,D:\project\unknown-contrastive\data\images\unknown_train_defectaware_260710,7bd2aa017015f811ad5253b8d90a66bfcbe8eaaef7de429c01b0213a837d0dbc,471dfd5ff69ac57232371e960c5d8402094b21e527fa4947bb9332b0e1001d2e,"Normal,Random,R,Center_bank_boundary,Center_scratch,Donut_bank_boundary,Donut_fork,Edge-Ring_bank_boundary,Edge-Ring_scratch,Edge-Top_fork,Full_scratch,ParallelScratches,RingDots"
810f080c6ff072fbaa9ea3d901dbbfd15beb5194e78393c127340ee7784e6a5d,L3_queue_ignore_nv,adapter + queue4096 + ignore0.75 + NV0.75,3,5,adapted_f,Louvain-res6,k15/res6/seed42/size<=2-noise,31,32,0.9688,53,0.9119,0.0,0.9236,0.9632,53,32,13,1.6562,0.4859,0.8575,0.9392,D:\project\unknown-contrastive\result_grouping\_fcmae_cd260721\embeddings\L3_qiN_ep5.npy,de80ae2ef8c2d404025a093076675cde575100c485f208f6aafdf2cf4527e148,4149,1024,D:\project\unknown-contrastive\data\images\unknown_eval100,e57acedb23dcc18f8af6791d2904dd4bf96c5bac15a781624f44d81449d096db,D:\project\unknown-contrastive\data\images\unknown_train_defectaware_260710,7bd2aa017015f811ad5253b8d90a66bfcbe8eaaef7de429c01b0213a837d0dbc,471dfd5ff69ac57232371e960c5d8402094b21e527fa4947bb9332b0e1001d2e,"Normal,Random,R,Center_bank_boundary,Center_scratch,Donut_bank_boundary,Donut_fork,Edge-Ring_bank_boundary,Edge-Ring_scratch,Edge-Top_fork,Full_scratch,ParallelScratches,RingDots"
