embedding,embedding_name,method,P1_capture,recov,P2_noise_pct,P3_completeness,P4_homogeneity,ARI,AMI,Sil,k_total,k_classes,k_noise,fragment_ratio,exclude_classes,recipe,epoch,nv_threshold,embedding_space,method_family
D:\project\unknown-contrastive\result_grouping\_unknown_mixed260710\embeddings\unkda_base_ep1.npy,unkda_base_ep1,finch_p0(k891),1.0,0.8991,0.0,0.51,0.9393,0.0896,0.448,0.0788,891,32,216,27.84,"Center_bank_boundary,Center_scratch,Donut_bank_boundary,Donut_fork,Edge-Ring_bank_boundary,Edge-Ring_scratch,Edge-Top_fork,Full_scratch,Normal,ParallelScratches,R,Random,RingDots",unkda_base,1,,backbone,finch_p0(k891)
D:\project\unknown-contrastive\result_grouping\_unknown_mixed260710\embeddings\unkda_base_ep1.npy,unkda_base_ep1,finch_p1(k209),1.0,0.8241,0.0,0.6155,0.8817,0.3259,0.6581,0.1228,209,32,45,6.53,"Center_bank_boundary,Center_scratch,Donut_bank_boundary,Donut_fork,Edge-Ring_bank_boundary,Edge-Ring_scratch,Edge-Top_fork,Full_scratch,Normal,ParallelScratches,R,Random,RingDots",unkda_base,1,,backbone,finch_p1(k209)
D:\project\unknown-contrastive\result_grouping\_unknown_mixed260710\embeddings\unkda_base_ep1.npy,unkda_base_ep1,finch_p2(k60),0.9688,0.7478,0.0,0.7521,0.8251,0.5927,0.7691,0.2609,60,32,12,1.88,"Center_bank_boundary,Center_scratch,Donut_bank_boundary,Donut_fork,Edge-Ring_bank_boundary,Edge-Ring_scratch,Edge-Top_fork,Full_scratch,Normal,ParallelScratches,R,Random,RingDots",unkda_base,1,,backbone,finch_p2
D:\project\unknown-contrastive\result_grouping\_unknown_mixed260710\embeddings\unkda_base_ep1.npy,unkda_base_ep1,finch_p3(k23),0.6562,0.545,0.0,0.8425,0.7077,0.4787,0.7613,0.3462,23,32,5,0.72,"Center_bank_boundary,Center_scratch,Donut_bank_boundary,Donut_fork,Edge-Ring_bank_boundary,Edge-Ring_scratch,Edge-Top_fork,Full_scratch,Normal,ParallelScratches,R,Random,RingDots",unkda_base,1,,backbone,finch_p3(k23)
D:\project\unknown-contrastive\result_grouping\_unknown_mixed260710\embeddings\unkda_base_ep1.npy,unkda_base_ep1,hdbscan_raw(옛다이얼),0.625,0.4163,47.95,0.9377,0.8863,0.766,0.904,0.5893,30,32,7,0.94,"Center_bank_boundary,Center_scratch,Donut_bank_boundary,Donut_fork,Edge-Ring_bank_boundary,Edge-Ring_scratch,Edge-Top_fork,Full_scratch,Normal,ParallelScratches,R,Random,RingDots",unkda_base,1,,backbone,hdbscan_raw(옛다이얼)
D:\project\unknown-contrastive\result_grouping\_unknown_mixed260710\embeddings\unkda_base_ep1.npy,unkda_base_ep1,louvain_res6,0.9375,0.7475,0.0,0.7617,0.8277,0.614,0.7769,0.3414,58,32,14,1.81,"Center_bank_boundary,Center_scratch,Donut_bank_boundary,Donut_fork,Edge-Ring_bank_boundary,Edge-Ring_scratch,Edge-Top_fork,Full_scratch,Normal,ParallelScratches,R,Random,RingDots",unkda_base,1,,backbone,louvain_res6
D:\project\unknown-contrastive\result_grouping\_unknown_mixed260710\embeddings\unkda_base_ep2.npy,unkda_base_ep2,finch_p0(k858),1.0,0.9225,0.0,0.5211,0.9525,0.096,0.4747,0.0839,858,32,201,26.81,"Center_bank_boundary,Center_scratch,Donut_bank_boundary,Donut_fork,Edge-Ring_bank_boundary,Edge-Ring_scratch,Edge-Top_fork,Full_scratch,Normal,ParallelScratches,R,Random,RingDots",unkda_base,2,,backbone,finch_p0(k858)
D:\project\unknown-contrastive\result_grouping\_unknown_mixed260710\embeddings\unkda_base_ep2.npy,unkda_base_ep2,finch_p1(k198),1.0,0.8484,0.0,0.6399,0.8946,0.3593,0.6894,0.1214,198,32,45,6.19,"Center_bank_boundary,Center_scratch,Donut_bank_boundary,Donut_fork,Edge-Ring_bank_boundary,Edge-Ring_scratch,Edge-Top_fork,Full_scratch,Normal,ParallelScratches,R,Random,RingDots",unkda_base,2,,backbone,finch_p1(k198)
D:\project\unknown-contrastive\result_grouping\_unknown_mixed260710\embeddings\unkda_base_ep2.npy,unkda_base_ep2,finch_p2(k58),0.875,0.7847,0.0,0.8021,0.8491,0.5959,0.811,0.2954,58,32,12,1.81,"Center_bank_boundary,Center_scratch,Donut_bank_boundary,Donut_fork,Edge-Ring_bank_boundary,Edge-Ring_scratch,Edge-Top_fork,Full_scratch,Normal,ParallelScratches,R,Random,RingDots",unkda_base,2,,backbone,finch_p2
D:\project\unknown-contrastive\result_grouping\_unknown_mixed260710\embeddings\unkda_base_ep2.npy,unkda_base_ep2,finch_p3(k21),0.5938,0.5234,0.0,0.8836,0.7276,0.5198,0.7919,0.352,21,32,6,0.66,"Center_bank_boundary,Center_scratch,Donut_bank_boundary,Donut_fork,Edge-Ring_bank_boundary,Edge-Ring_scratch,Edge-Top_fork,Full_scratch,Normal,ParallelScratches,R,Random,RingDots",unkda_base,2,,backbone,finch_p3(k21)
D:\project\unknown-contrastive\result_grouping\_unknown_mixed260710\embeddings\unkda_base_ep2.npy,unkda_base_ep2,hdbscan_raw(옛다이얼),0.6562,0.4316,45.22,0.9375,0.8786,0.7518,0.8997,0.6045,33,32,8,1.03,"Center_bank_boundary,Center_scratch,Donut_bank_boundary,Donut_fork,Edge-Ring_bank_boundary,Edge-Ring_scratch,Edge-Top_fork,Full_scratch,Normal,ParallelScratches,R,Random,RingDots",unkda_base,2,,backbone,hdbscan_raw(옛다이얼)
D:\project\unknown-contrastive\result_grouping\_unknown_mixed260710\embeddings\unkda_base_ep2.npy,unkda_base_ep2,louvain_res6,0.9375,0.8091,0.0,0.8056,0.8696,0.6878,0.8238,0.3349,57,32,13,1.78,"Center_bank_boundary,Center_scratch,Donut_bank_boundary,Donut_fork,Edge-Ring_bank_boundary,Edge-Ring_scratch,Edge-Top_fork,Full_scratch,Normal,ParallelScratches,R,Random,RingDots",unkda_base,2,,backbone,louvain_res6
D:\project\unknown-contrastive\result_grouping\_unknown_mixed260710\embeddings\unkda_base_ep3.npy,unkda_base_ep3,finch_p0(k875),1.0,0.8987,0.0,0.5116,0.9406,0.0903,0.4522,0.0811,875,32,204,27.34,"Center_bank_boundary,Center_scratch,Donut_bank_boundary,Donut_fork,Edge-Ring_bank_boundary,Edge-Ring_scratch,Edge-Top_fork,Full_scratch,Normal,ParallelScratches,R,Random,RingDots",unkda_base,3,,backbone,finch_p0(k875)
D:\project\unknown-contrastive\result_grouping\_unknown_mixed260710\embeddings\unkda_base_ep3.npy,unkda_base_ep3,finch_p1(k190),1.0,0.8103,0.0,0.6287,0.8767,0.3372,0.6728,0.1203,190,32,40,5.94,"Center_bank_boundary,Center_scratch,Donut_bank_boundary,Donut_fork,Edge-Ring_bank_boundary,Edge-Ring_scratch,Edge-Top_fork,Full_scratch,Normal,ParallelScratches,R,Random,RingDots",unkda_base,3,,backbone,finch_p1(k190)
D:\project\unknown-contrastive\result_grouping\_unknown_mixed260710\embeddings\unkda_base_ep3.npy,unkda_base_ep3,finch_p2(k54),1.0,0.7241,0.0,0.7585,0.8126,0.538,0.7676,0.3041,54,32,10,1.69,"Center_bank_boundary,Center_scratch,Donut_bank_boundary,Donut_fork,Edge-Ring_bank_boundary,Edge-Ring_scratch,Edge-Top_fork,Full_scratch,Normal,ParallelScratches,R,Random,RingDots",unkda_base,3,,backbone,finch_p2
D:\project\unknown-contrastive\result_grouping\_unknown_mixed260710\embeddings\unkda_base_ep3.npy,unkda_base_ep3,finch_p3(k18),0.5312,0.5003,0.0,0.9772,0.7098,0.3614,0.8171,0.3284,18,32,5,0.56,"Center_bank_boundary,Center_scratch,Donut_bank_boundary,Donut_fork,Edge-Ring_bank_boundary,Edge-Ring_scratch,Edge-Top_fork,Full_scratch,Normal,ParallelScratches,R,Random,RingDots",unkda_base,3,,backbone,finch_p3(k18)
D:\project\unknown-contrastive\result_grouping\_unknown_mixed260710\embeddings\unkda_base_ep3.npy,unkda_base_ep3,hdbscan_raw(옛다이얼),0.625,0.4012,52.24,0.9047,0.9143,0.7739,0.9014,0.6214,33,32,6,1.03,"Center_bank_boundary,Center_scratch,Donut_bank_boundary,Donut_fork,Edge-Ring_bank_boundary,Edge-Ring_scratch,Edge-Top_fork,Full_scratch,Normal,ParallelScratches,R,Random,RingDots",unkda_base,3,,backbone,hdbscan_raw(옛다이얼)
D:\project\unknown-contrastive\result_grouping\_unknown_mixed260710\embeddings\unkda_base_ep3.npy,unkda_base_ep3,louvain_res6,1.0,0.7588,0.0,0.7735,0.8439,0.6281,0.7917,0.343,57,32,11,1.78,"Center_bank_boundary,Center_scratch,Donut_bank_boundary,Donut_fork,Edge-Ring_bank_boundary,Edge-Ring_scratch,Edge-Top_fork,Full_scratch,Normal,ParallelScratches,R,Random,RingDots",unkda_base,3,,backbone,louvain_res6
D:\project\unknown-contrastive\result_grouping\_unknown_mixed260710\embeddings\unkda_base_ep4.npy,unkda_base_ep4,finch_p0(k883),1.0,0.8981,0.0,0.5077,0.9377,0.0834,0.4429,0.0858,883,32,211,27.59,"Center_bank_boundary,Center_scratch,Donut_bank_boundary,Donut_fork,Edge-Ring_bank_boundary,Edge-Ring_scratch,Edge-Top_fork,Full_scratch,Normal,ParallelScratches,R,Random,RingDots",unkda_base,4,,backbone,finch_p0(k883)
D:\project\unknown-contrastive\result_grouping\_unknown_mixed260710\embeddings\unkda_base_ep4.npy,unkda_base_ep4,finch_p1(k202),1.0,0.8128,0.0,0.6155,0.873,0.3245,0.656,0.1206,202,32,43,6.31,"Center_bank_boundary,Center_scratch,Donut_bank_boundary,Donut_fork,Edge-Ring_bank_boundary,Edge-Ring_scratch,Edge-Top_fork,Full_scratch,Normal,ParallelScratches,R,Random,RingDots",unkda_base,4,,backbone,finch_p1(k202)
D:\project\unknown-contrastive\result_grouping\_unknown_mixed260710\embeddings\unkda_base_ep4.npy,unkda_base_ep4,finch_p2(k49),0.9375,0.7309,0.0,0.7798,0.8146,0.5842,0.7824,0.3243,49,32,11,1.53,"Center_bank_boundary,Center_scratch,Donut_bank_boundary,Donut_fork,Edge-Ring_bank_boundary,Edge-Ring_scratch,Edge-Top_fork,Full_scratch,Normal,ParallelScratches,R,Random,RingDots",unkda_base,4,,backbone,finch_p2
D:\project\unknown-contrastive\result_grouping\_unknown_mixed260710\embeddings\unkda_base_ep4.npy,unkda_base_ep4,finch_p3(k17),0.5,0.4472,0.0,0.8858,0.6883,0.4646,0.7688,0.3521,17,32,3,0.53,"Center_bank_boundary,Center_scratch,Donut_bank_boundary,Donut_fork,Edge-Ring_bank_boundary,Edge-Ring_scratch,Edge-Top_fork,Full_scratch,Normal,ParallelScratches,R,Random,RingDots",unkda_base,4,,backbone,finch_p3(k17)
D:\project\unknown-contrastive\result_grouping\_unknown_mixed260710\embeddings\unkda_base_ep4.npy,unkda_base_ep4,hdbscan_raw(옛다이얼),0.6562,0.3959,52.49,0.9622,0.9101,0.8537,0.9304,0.6485,26,32,6,0.81,"Center_bank_boundary,Center_scratch,Donut_bank_boundary,Donut_fork,Edge-Ring_bank_boundary,Edge-Ring_scratch,Edge-Top_fork,Full_scratch,Normal,ParallelScratches,R,Random,RingDots",unkda_base,4,,backbone,hdbscan_raw(옛다이얼)
D:\project\unknown-contrastive\result_grouping\_unknown_mixed260710\embeddings\unkda_base_ep4.npy,unkda_base_ep4,louvain_res6,1.0,0.7609,0.0,0.779,0.8368,0.6454,0.7925,0.3467,53,32,11,1.66,"Center_bank_boundary,Center_scratch,Donut_bank_boundary,Donut_fork,Edge-Ring_bank_boundary,Edge-Ring_scratch,Edge-Top_fork,Full_scratch,Normal,ParallelScratches,R,Random,RingDots",unkda_base,4,,backbone,louvain_res6
D:\project\unknown-contrastive\result_grouping\_unknown_mixed260710\embeddings\unkda_base_ep5.npy,unkda_base_ep5,finch_p0(k873),1.0,0.8381,0.0,0.4886,0.905,0.073,0.4009,0.0856,873,32,216,27.28,"Center_bank_boundary,Center_scratch,Donut_bank_boundary,Donut_fork,Edge-Ring_bank_boundary,Edge-Ring_scratch,Edge-Top_fork,Full_scratch,Normal,ParallelScratches,R,Random,RingDots",unkda_base,5,,backbone,finch_p0(k873)
D:\project\unknown-contrastive\result_grouping\_unknown_mixed260710\embeddings\unkda_base_ep5.npy,unkda_base_ep5,finch_p1(k193),1.0,0.7416,0.0,0.5788,0.824,0.2756,0.6033,0.1205,193,32,39,6.03,"Center_bank_boundary,Center_scratch,Donut_bank_boundary,Donut_fork,Edge-Ring_bank_boundary,Edge-Ring_scratch,Edge-Top_fork,Full_scratch,Normal,ParallelScratches,R,Random,RingDots",unkda_base,5,,backbone,finch_p1(k193)
D:\project\unknown-contrastive\result_grouping\_unknown_mixed260710\embeddings\unkda_base_ep5.npy,unkda_base_ep5,finch_p2(k52),0.9062,0.6234,0.0,0.7154,0.7564,0.4944,0.7144,0.2226,52,32,10,1.62,"Center_bank_boundary,Center_scratch,Donut_bank_boundary,Donut_fork,Edge-Ring_bank_boundary,Edge-Ring_scratch,Edge-Top_fork,Full_scratch,Normal,ParallelScratches,R,Random,RingDots",unkda_base,5,,backbone,finch_p2
D:\project\unknown-contrastive\result_grouping\_unknown_mixed260710\embeddings\unkda_base_ep5.npy,unkda_base_ep5,finch_p3(k16),0.4688,0.395,0.0,0.7996,0.6255,0.4103,0.6943,0.3166,16,32,3,0.5,"Center_bank_boundary,Center_scratch,Donut_bank_boundary,Donut_fork,Edge-Ring_bank_boundary,Edge-Ring_scratch,Edge-Top_fork,Full_scratch,Normal,ParallelScratches,R,Random,RingDots",unkda_base,5,,backbone,finch_p3(k16)
D:\project\unknown-contrastive\result_grouping\_unknown_mixed260710\embeddings\unkda_base_ep5.npy,unkda_base_ep5,hdbscan_raw(옛다이얼),0.4688,0.3013,61.13,0.8944,0.8621,0.7335,0.8682,0.6354,23,32,3,0.72,"Center_bank_boundary,Center_scratch,Donut_bank_boundary,Donut_fork,Edge-Ring_bank_boundary,Edge-Ring_scratch,Edge-Top_fork,Full_scratch,Normal,ParallelScratches,R,Random,RingDots",unkda_base,5,,backbone,hdbscan_raw(옛다이얼)
D:\project\unknown-contrastive\result_grouping\_unknown_mixed260710\embeddings\unkda_base_ep5.npy,unkda_base_ep5,louvain_res6,0.875,0.655,0.0,0.705,0.7708,0.5154,0.7151,0.3014,55,32,11,1.72,"Center_bank_boundary,Center_scratch,Donut_bank_boundary,Donut_fork,Edge-Ring_bank_boundary,Edge-Ring_scratch,Edge-Top_fork,Full_scratch,Normal,ParallelScratches,R,Random,RingDots",unkda_base,5,,backbone,louvain_res6
D:\project\unknown-contrastive\result_grouping\_unknown_mixed260710\embeddings\unkda_base_ep6.npy,unkda_base_ep6,finch_p0(k908),1.0,0.8731,0.0,0.4973,0.9224,0.0847,0.4177,0.0953,908,32,226,28.38,"Center_bank_boundary,Center_scratch,Donut_bank_boundary,Donut_fork,Edge-Ring_bank_boundary,Edge-Ring_scratch,Edge-Top_fork,Full_scratch,Normal,ParallelScratches,R,Random,RingDots",unkda_base,6,,backbone,finch_p0(k908)
D:\project\unknown-contrastive\result_grouping\_unknown_mixed260710\embeddings\unkda_base_ep6.npy,unkda_base_ep6,finch_p1(k198),1.0,0.7775,0.0,0.6004,0.8469,0.3373,0.6321,0.1417,198,32,40,6.19,"Center_bank_boundary,Center_scratch,Donut_bank_boundary,Donut_fork,Edge-Ring_bank_boundary,Edge-Ring_scratch,Edge-Top_fork,Full_scratch,Normal,ParallelScratches,R,Random,RingDots",unkda_base,6,,backbone,finch_p1(k198)
D:\project\unknown-contrastive\result_grouping\_unknown_mixed260710\embeddings\unkda_base_ep6.npy,unkda_base_ep6,finch_p2(k45),0.8125,0.6766,0.0,0.7718,0.7782,0.5433,0.7599,0.2542,45,32,11,1.41,"Center_bank_boundary,Center_scratch,Donut_bank_boundary,Donut_fork,Edge-Ring_bank_boundary,Edge-Ring_scratch,Edge-Top_fork,Full_scratch,Normal,ParallelScratches,R,Random,RingDots",unkda_base,6,,backbone,finch_p2
D:\project\unknown-contrastive\result_grouping\_unknown_mixed260710\embeddings\unkda_base_ep6.npy,unkda_base_ep6,finch_p3(k13),0.4062,0.3675,0.0,0.8508,0.5879,0.3216,0.6888,0.2611,13,32,5,0.41,"Center_bank_boundary,Center_scratch,Donut_bank_boundary,Donut_fork,Edge-Ring_bank_boundary,Edge-Ring_scratch,Edge-Top_fork,Full_scratch,Normal,ParallelScratches,R,Random,RingDots",unkda_base,6,,backbone,finch_p3(k13)
D:\project\unknown-contrastive\result_grouping\_unknown_mixed260710\embeddings\unkda_base_ep6.npy,unkda_base_ep6,hdbscan_raw(옛다이얼),0.5938,0.3781,53.79,0.9191,0.8999,0.7736,0.9015,0.6141,30,32,6,0.94,"Center_bank_boundary,Center_scratch,Donut_bank_boundary,Donut_fork,Edge-Ring_bank_boundary,Edge-Ring_scratch,Edge-Top_fork,Full_scratch,Normal,ParallelScratches,R,Random,RingDots",unkda_base,6,,backbone,hdbscan_raw(옛다이얼)
D:\project\unknown-contrastive\result_grouping\_unknown_mixed260710\embeddings\unkda_base_ep6.npy,unkda_base_ep6,louvain_res6,0.9375,0.7247,0.0,0.7397,0.8063,0.585,0.7533,0.3409,55,32,12,1.72,"Center_bank_boundary,Center_scratch,Donut_bank_boundary,Donut_fork,Edge-Ring_bank_boundary,Edge-Ring_scratch,Edge-Top_fork,Full_scratch,Normal,ParallelScratches,R,Random,RingDots",unkda_base,6,,backbone,louvain_res6
D:\project\unknown-contrastive\result_grouping\_unknown_mixed260710\embeddings\unkda_base_ep7.npy,unkda_base_ep7,finch_p0(k900),1.0,0.9062,0.0,0.5081,0.9455,0.0808,0.4401,0.0738,900,32,218,28.12,"Center_bank_boundary,Center_scratch,Donut_bank_boundary,Donut_fork,Edge-Ring_bank_boundary,Edge-Ring_scratch,Edge-Top_fork,Full_scratch,Normal,ParallelScratches,R,Random,RingDots",unkda_base,7,,backbone,finch_p0(k900)
D:\project\unknown-contrastive\result_grouping\_unknown_mixed260710\embeddings\unkda_base_ep7.npy,unkda_base_ep7,finch_p1(k179),1.0,0.8059,0.0,0.6266,0.8711,0.3237,0.6689,0.1331,179,32,36,5.59,"Center_bank_boundary,Center_scratch,Donut_bank_boundary,Donut_fork,Edge-Ring_bank_boundary,Edge-Ring_scratch,Edge-Top_fork,Full_scratch,Normal,ParallelScratches,R,Random,RingDots",unkda_base,7,,backbone,finch_p1(k179)
D:\project\unknown-contrastive\result_grouping\_unknown_mixed260710\embeddings\unkda_base_ep7.npy,unkda_base_ep7,finch_p2(k47),0.875,0.6906,0.0,0.7862,0.7951,0.4854,0.775,0.2396,47,32,7,1.47,"Center_bank_boundary,Center_scratch,Donut_bank_boundary,Donut_fork,Edge-Ring_bank_boundary,Edge-Ring_scratch,Edge-Top_fork,Full_scratch,Normal,ParallelScratches,R,Random,RingDots",unkda_base,7,,backbone,finch_p2
D:\project\unknown-contrastive\result_grouping\_unknown_mixed260710\embeddings\unkda_base_ep7.npy,unkda_base_ep7,finch_p3(k14),0.4375,0.4259,0.0,0.9158,0.629,0.3388,0.7397,0.3414,14,32,2,0.44,"Center_bank_boundary,Center_scratch,Donut_bank_boundary,Donut_fork,Edge-Ring_bank_boundary,Edge-Ring_scratch,Edge-Top_fork,Full_scratch,Normal,ParallelScratches,R,Random,RingDots",unkda_base,7,,backbone,finch_p3(k14)
D:\project\unknown-contrastive\result_grouping\_unknown_mixed260710\embeddings\unkda_base_ep7.npy,unkda_base_ep7,hdbscan_raw(옛다이얼),0.5625,0.4012,46.36,0.9426,0.848,0.6895,0.8855,0.5856,26,32,5,0.81,"Center_bank_boundary,Center_scratch,Donut_bank_boundary,Donut_fork,Edge-Ring_bank_boundary,Edge-Ring_scratch,Edge-Top_fork,Full_scratch,Normal,ParallelScratches,R,Random,RingDots",unkda_base,7,,backbone,hdbscan_raw(옛다이얼)
D:\project\unknown-contrastive\result_grouping\_unknown_mixed260710\embeddings\unkda_base_ep7.npy,unkda_base_ep7,louvain_res6,0.9375,0.7481,0.0,0.7717,0.838,0.6265,0.7881,0.3421,54,32,12,1.69,"Center_bank_boundary,Center_scratch,Donut_bank_boundary,Donut_fork,Edge-Ring_bank_boundary,Edge-Ring_scratch,Edge-Top_fork,Full_scratch,Normal,ParallelScratches,R,Random,RingDots",unkda_base,7,,backbone,louvain_res6
D:\project\unknown-contrastive\result_grouping\_unknown_mixed260710\embeddings\unkda_base_ep8.npy,unkda_base_ep8,finch_p0(k860),1.0,0.8884,0.0,0.5059,0.9366,0.0811,0.4374,0.0668,860,32,216,26.88,"Center_bank_boundary,Center_scratch,Donut_bank_boundary,Donut_fork,Edge-Ring_bank_boundary,Edge-Ring_scratch,Edge-Top_fork,Full_scratch,Normal,ParallelScratches,R,Random,RingDots",unkda_base,8,,backbone,finch_p0(k860)
D:\project\unknown-contrastive\result_grouping\_unknown_mixed260710\embeddings\unkda_base_ep8.npy,unkda_base_ep8,finch_p1(k194),1.0,0.7991,0.0,0.6125,0.8681,0.3101,0.6517,0.1071,194,32,45,6.06,"Center_bank_boundary,Center_scratch,Donut_bank_boundary,Donut_fork,Edge-Ring_bank_boundary,Edge-Ring_scratch,Edge-Top_fork,Full_scratch,Normal,ParallelScratches,R,Random,RingDots",unkda_base,8,,backbone,finch_p1(k194)
D:\project\unknown-contrastive\result_grouping\_unknown_mixed260710\embeddings\unkda_base_ep8.npy,unkda_base_ep8,finch_p2(k45),0.875,0.6819,0.0,0.7874,0.7959,0.5336,0.7776,0.2533,45,32,8,1.41,"Center_bank_boundary,Center_scratch,Donut_bank_boundary,Donut_fork,Edge-Ring_bank_boundary,Edge-Ring_scratch,Edge-Top_fork,Full_scratch,Normal,ParallelScratches,R,Random,RingDots",unkda_base,8,,backbone,finch_p2
D:\project\unknown-contrastive\result_grouping\_unknown_mixed260710\embeddings\unkda_base_ep8.npy,unkda_base_ep8,finch_p3(k14),0.4062,0.3691,0.0,0.9141,0.6468,0.3994,0.7524,0.3219,14,32,3,0.44,"Center_bank_boundary,Center_scratch,Donut_bank_boundary,Donut_fork,Edge-Ring_bank_boundary,Edge-Ring_scratch,Edge-Top_fork,Full_scratch,Normal,ParallelScratches,R,Random,RingDots",unkda_base,8,,backbone,finch_p3(k14)
D:\project\unknown-contrastive\result_grouping\_unknown_mixed260710\embeddings\unkda_base_ep8.npy,unkda_base_ep8,hdbscan_raw(옛다이얼),0.5312,0.3538,56.91,0.9547,0.8795,0.799,0.9094,0.6354,22,32,3,0.69,"Center_bank_boundary,Center_scratch,Donut_bank_boundary,Donut_fork,Edge-Ring_bank_boundary,Edge-Ring_scratch,Edge-Top_fork,Full_scratch,Normal,ParallelScratches,R,Random,RingDots",unkda_base,8,,backbone,hdbscan_raw(옛다이얼)
D:\project\unknown-contrastive\result_grouping\_unknown_mixed260710\embeddings\unkda_base_ep8.npy,unkda_base_ep8,louvain_res6,0.9375,0.6953,0.0,0.7748,0.8131,0.608,0.7792,0.3024,45,32,9,1.41,"Center_bank_boundary,Center_scratch,Donut_bank_boundary,Donut_fork,Edge-Ring_bank_boundary,Edge-Ring_scratch,Edge-Top_fork,Full_scratch,Normal,ParallelScratches,R,Random,RingDots",unkda_base,8,,backbone,louvain_res6
D:\project\unknown-contrastive\result_grouping\_unknown_mixed260710\embeddings\unkda_base_ep9.npy,unkda_base_ep9,finch_p0(k835),1.0,0.8331,0.0,0.4896,0.904,0.0815,0.4032,0.0563,835,32,200,26.09,"Center_bank_boundary,Center_scratch,Donut_bank_boundary,Donut_fork,Edge-Ring_bank_boundary,Edge-Ring_scratch,Edge-Top_fork,Full_scratch,Normal,ParallelScratches,R,Random,RingDots",unkda_base,9,,backbone,finch_p0(k835)
D:\project\unknown-contrastive\result_grouping\_unknown_mixed260710\embeddings\unkda_base_ep9.npy,unkda_base_ep9,finch_p1(k172),1.0,0.7228,0.0,0.5877,0.8111,0.319,0.6126,0.0728,172,32,35,5.38,"Center_bank_boundary,Center_scratch,Donut_bank_boundary,Donut_fork,Edge-Ring_bank_boundary,Edge-Ring_scratch,Edge-Top_fork,Full_scratch,Normal,ParallelScratches,R,Random,RingDots",unkda_base,9,,backbone,finch_p1(k172)
D:\project\unknown-contrastive\result_grouping\_unknown_mixed260710\embeddings\unkda_base_ep9.npy,unkda_base_ep9,finch_p2(k40),0.8438,0.6003,0.0,0.744,0.7361,0.4803,0.7239,0.2228,40,32,8,1.25,"Center_bank_boundary,Center_scratch,Donut_bank_boundary,Donut_fork,Edge-Ring_bank_boundary,Edge-Ring_scratch,Edge-Top_fork,Full_scratch,Normal,ParallelScratches,R,Random,RingDots",unkda_base,9,,backbone,finch_p2
D:\project\unknown-contrastive\result_grouping\_unknown_mixed260710\embeddings\unkda_base_ep9.npy,unkda_base_ep9,finch_p3(k10),0.3125,0.3103,0.0,0.8717,0.5285,0.2601,0.6522,0.2512,10,32,1,0.31,"Center_bank_boundary,Center_scratch,Donut_bank_boundary,Donut_fork,Edge-Ring_bank_boundary,Edge-Ring_scratch,Edge-Top_fork,Full_scratch,Normal,ParallelScratches,R,Random,RingDots",unkda_base,9,,backbone,finch_p3(k10)
D:\project\unknown-contrastive\result_grouping\_unknown_mixed260710\embeddings\unkda_base_ep9.npy,unkda_base_ep9,hdbscan_raw(옛다이얼),0.4375,0.3337,51.29,0.9605,0.7923,0.6095,0.8606,0.624,19,32,3,0.59,"Center_bank_boundary,Center_scratch,Donut_bank_boundary,Donut_fork,Edge-Ring_bank_boundary,Edge-Ring_scratch,Edge-Top_fork,Full_scratch,Normal,ParallelScratches,R,Random,RingDots",unkda_base,9,,backbone,hdbscan_raw(옛다이얼)
D:\project\unknown-contrastive\result_grouping\_unknown_mixed260710\embeddings\unkda_base_ep9.npy,unkda_base_ep9,louvain_res6,0.9062,0.6716,0.0,0.7186,0.7784,0.5625,0.7285,0.2655,48,32,7,1.5,"Center_bank_boundary,Center_scratch,Donut_bank_boundary,Donut_fork,Edge-Ring_bank_boundary,Edge-Ring_scratch,Edge-Top_fork,Full_scratch,Normal,ParallelScratches,R,Random,RingDots",unkda_base,9,,backbone,louvain_res6
D:\project\unknown-contrastive\result_grouping\_unknown_mixed260710\embeddings\unkda_base_ep10.npy,unkda_base_ep10,finch_p0(k860),1.0,0.8256,0.0,0.4844,0.8964,0.0729,0.3922,0.0739,860,32,216,26.88,"Center_bank_boundary,Center_scratch,Donut_bank_boundary,Donut_fork,Edge-Ring_bank_boundary,Edge-Ring_scratch,Edge-Top_fork,Full_scratch,Normal,ParallelScratches,R,Random,RingDots",unkda_base,10,,backbone,finch_p0(k860)
D:\project\unknown-contrastive\result_grouping\_unknown_mixed260710\embeddings\unkda_base_ep10.npy,unkda_base_ep10,finch_p1(k173),1.0,0.7225,0.0,0.5821,0.8031,0.3327,0.6042,0.0999,173,32,31,5.41,"Center_bank_boundary,Center_scratch,Donut_bank_boundary,Donut_fork,Edge-Ring_bank_boundary,Edge-Ring_scratch,Edge-Top_fork,Full_scratch,Normal,ParallelScratches,R,Random,RingDots",unkda_base,10,,backbone,finch_p1(k173)
D:\project\unknown-contrastive\result_grouping\_unknown_mixed260710\embeddings\unkda_base_ep10.npy,unkda_base_ep10,finch_p2(k44),0.8438,0.6041,0.0,0.7141,0.736,0.5026,0.706,0.2499,44,32,5,1.38,"Center_bank_boundary,Center_scratch,Donut_bank_boundary,Donut_fork,Edge-Ring_bank_boundary,Edge-Ring_scratch,Edge-Top_fork,Full_scratch,Normal,ParallelScratches,R,Random,RingDots",unkda_base,10,,backbone,finch_p2
D:\project\unknown-contrastive\result_grouping\_unknown_mixed260710\embeddings\unkda_base_ep10.npy,unkda_base_ep10,finch_p3(k12),0.375,0.3438,0.0,0.9205,0.6045,0.3163,0.7244,0.257,12,32,3,0.38,"Center_bank_boundary,Center_scratch,Donut_bank_boundary,Donut_fork,Edge-Ring_bank_boundary,Edge-Ring_scratch,Edge-Top_fork,Full_scratch,Normal,ParallelScratches,R,Random,RingDots",unkda_base,10,,backbone,finch_p3(k12)
D:\project\unknown-contrastive\result_grouping\_unknown_mixed260710\embeddings\unkda_base_ep10.npy,unkda_base_ep10,hdbscan_raw(옛다이얼),0.5312,0.3047,65.04,0.9144,0.9074,0.8528,0.9028,0.6286,24,32,3,0.75,"Center_bank_boundary,Center_scratch,Donut_bank_boundary,Donut_fork,Edge-Ring_bank_boundary,Edge-Ring_scratch,Edge-Top_fork,Full_scratch,Normal,ParallelScratches,R,Random,RingDots",unkda_base,10,,backbone,hdbscan_raw(옛다이얼)
D:\project\unknown-contrastive\result_grouping\_unknown_mixed260710\embeddings\unkda_base_ep10.npy,unkda_base_ep10,louvain_res6,0.9375,0.6438,0.0,0.7089,0.7578,0.5587,0.7132,0.302,47,32,8,1.47,"Center_bank_boundary,Center_scratch,Donut_bank_boundary,Donut_fork,Edge-Ring_bank_boundary,Edge-Ring_scratch,Edge-Top_fork,Full_scratch,Normal,ParallelScratches,R,Random,RingDots",unkda_base,10,,backbone,louvain_res6
D:\project\unknown-contrastive\result_grouping\_unknown_mixed260710\embeddings\unkda_nv090_ep1.npy,unkda_nv090_ep1,finch_p0(k897),1.0,0.915,0.0,0.5164,0.9494,0.0907,0.4626,0.0876,897,32,228,28.03,"Center_bank_boundary,Center_scratch,Donut_bank_boundary,Donut_fork,Edge-Ring_bank_boundary,Edge-Ring_scratch,Edge-Top_fork,Full_scratch,Normal,ParallelScratches,R,Random,RingDots",unkda_nv090,1,0.9,backbone,finch_p0(k897)
D:\project\unknown-contrastive\result_grouping\_unknown_mixed260710\embeddings\unkda_nv090_ep1.npy,unkda_nv090_ep1,finch_p1(k188),0.9688,0.8175,0.0,0.646,0.8911,0.3664,0.6947,0.1244,188,32,46,5.88,"Center_bank_boundary,Center_scratch,Donut_bank_boundary,Donut_fork,Edge-Ring_bank_boundary,Edge-Ring_scratch,Edge-Top_fork,Full_scratch,Normal,ParallelScratches,R,Random,RingDots",unkda_nv090,1,0.9,backbone,finch_p1(k188)
D:\project\unknown-contrastive\result_grouping\_unknown_mixed260710\embeddings\unkda_nv090_ep1.npy,unkda_nv090_ep1,finch_p2(k50),0.875,0.68,0.0,0.7803,0.7969,0.5418,0.7739,0.2822,50,32,13,1.56,"Center_bank_boundary,Center_scratch,Donut_bank_boundary,Donut_fork,Edge-Ring_bank_boundary,Edge-Ring_scratch,Edge-Top_fork,Full_scratch,Normal,ParallelScratches,R,Random,RingDots",unkda_nv090,1,0.9,backbone,finch_p2
D:\project\unknown-contrastive\result_grouping\_unknown_mixed260710\embeddings\unkda_nv090_ep1.npy,unkda_nv090_ep1,finch_p3(k17),0.4375,0.3891,0.0,0.8478,0.579,0.296,0.6805,0.2162,17,32,5,0.53,"Center_bank_boundary,Center_scratch,Donut_bank_boundary,Donut_fork,Edge-Ring_bank_boundary,Edge-Ring_scratch,Edge-Top_fork,Full_scratch,Normal,ParallelScratches,R,Random,RingDots",unkda_nv090,1,0.9,backbone,finch_p3(k17)
D:\project\unknown-contrastive\result_grouping\_unknown_mixed260710\embeddings\unkda_nv090_ep1.npy,unkda_nv090_ep1,hdbscan_raw(옛다이얼),0.5938,0.3812,55.32,0.9494,0.9152,0.8339,0.9267,0.6607,29,32,6,0.91,"Center_bank_boundary,Center_scratch,Donut_bank_boundary,Donut_fork,Edge-Ring_bank_boundary,Edge-Ring_scratch,Edge-Top_fork,Full_scratch,Normal,ParallelScratches,R,Random,RingDots",unkda_nv090,1,0.9,backbone,hdbscan_raw(옛다이얼)
D:\project\unknown-contrastive\result_grouping\_unknown_mixed260710\embeddings\unkda_nv090_ep1.npy,unkda_nv090_ep1,louvain_res6,0.9375,0.7853,0.0,0.8078,0.855,0.6747,0.8185,0.3266,53,32,12,1.66,"Center_bank_boundary,Center_scratch,Donut_bank_boundary,Donut_fork,Edge-Ring_bank_boundary,Edge-Ring_scratch,Edge-Top_fork,Full_scratch,Normal,ParallelScratches,R,Random,RingDots",unkda_nv090,1,0.9,backbone,louvain_res6
D:\project\unknown-contrastive\result_grouping\_unknown_mixed260710\embeddings\unkda_nv090_ep2.npy,unkda_nv090_ep2,finch_p0(k871),1.0,0.8891,0.0,0.5074,0.9326,0.0856,0.444,0.0799,871,32,223,27.22,"Center_bank_boundary,Center_scratch,Donut_bank_boundary,Donut_fork,Edge-Ring_bank_boundary,Edge-Ring_scratch,Edge-Top_fork,Full_scratch,Normal,ParallelScratches,R,Random,RingDots",unkda_nv090,2,0.9,backbone,finch_p0(k871)
D:\project\unknown-contrastive\result_grouping\_unknown_mixed260710\embeddings\unkda_nv090_ep2.npy,unkda_nv090_ep2,finch_p1(k197),1.0,0.8009,0.0,0.613,0.8642,0.3019,0.652,0.1118,197,32,47,6.16,"Center_bank_boundary,Center_scratch,Donut_bank_boundary,Donut_fork,Edge-Ring_bank_boundary,Edge-Ring_scratch,Edge-Top_fork,Full_scratch,Normal,ParallelScratches,R,Random,RingDots",unkda_nv090,2,0.9,backbone,finch_p1(k197)
D:\project\unknown-contrastive\result_grouping\_unknown_mixed260710\embeddings\unkda_nv090_ep2.npy,unkda_nv090_ep2,finch_p2(k50),0.9375,0.6959,0.0,0.7566,0.7791,0.5202,0.7513,0.1942,50,32,11,1.56,"Center_bank_boundary,Center_scratch,Donut_bank_boundary,Donut_fork,Edge-Ring_bank_boundary,Edge-Ring_scratch,Edge-Top_fork,Full_scratch,Normal,ParallelScratches,R,Random,RingDots",unkda_nv090,2,0.9,backbone,finch_p2
D:\project\unknown-contrastive\result_grouping\_unknown_mixed260710\embeddings\unkda_nv090_ep2.npy,unkda_nv090_ep2,finch_p3(k18),0.5312,0.4525,0.0,0.8525,0.6698,0.4408,0.7432,0.3587,18,32,4,0.56,"Center_bank_boundary,Center_scratch,Donut_bank_boundary,Donut_fork,Edge-Ring_bank_boundary,Edge-Ring_scratch,Edge-Top_fork,Full_scratch,Normal,ParallelScratches,R,Random,RingDots",unkda_nv090,2,0.9,backbone,finch_p3(k18)
D:\project\unknown-contrastive\result_grouping\_unknown_mixed260710\embeddings\unkda_nv090_ep2.npy,unkda_nv090_ep2,hdbscan_raw(옛다이얼),0.5312,0.3462,60.46,0.9263,0.9112,0.8356,0.9112,0.6641,28,32,6,0.88,"Center_bank_boundary,Center_scratch,Donut_bank_boundary,Donut_fork,Edge-Ring_bank_boundary,Edge-Ring_scratch,Edge-Top_fork,Full_scratch,Normal,ParallelScratches,R,Random,RingDots",unkda_nv090,2,0.9,backbone,hdbscan_raw(옛다이얼)
D:\project\unknown-contrastive\result_grouping\_unknown_mixed260710\embeddings\unkda_nv090_ep2.npy,unkda_nv090_ep2,louvain_res6,0.9375,0.7366,0.0,0.7576,0.8161,0.6231,0.7695,0.3206,54,32,12,1.69,"Center_bank_boundary,Center_scratch,Donut_bank_boundary,Donut_fork,Edge-Ring_bank_boundary,Edge-Ring_scratch,Edge-Top_fork,Full_scratch,Normal,ParallelScratches,R,Random,RingDots",unkda_nv090,2,0.9,backbone,louvain_res6
D:\project\unknown-contrastive\result_grouping\_unknown_mixed260710\embeddings\unkda_nv090_ep3.npy,unkda_nv090_ep3,finch_p0(k876),1.0,0.87,0.0,0.4981,0.9219,0.0794,0.4213,0.0846,876,32,218,27.38,"Center_bank_boundary,Center_scratch,Donut_bank_boundary,Donut_fork,Edge-Ring_bank_boundary,Edge-Ring_scratch,Edge-Top_fork,Full_scratch,Normal,ParallelScratches,R,Random,RingDots",unkda_nv090,3,0.9,backbone,finch_p0(k876)
D:\project\unknown-contrastive\result_grouping\_unknown_mixed260710\embeddings\unkda_nv090_ep3.npy,unkda_nv090_ep3,finch_p1(k193),1.0,0.7753,0.0,0.5972,0.8386,0.2969,0.6281,0.115,193,32,44,6.03,"Center_bank_boundary,Center_scratch,Donut_bank_boundary,Donut_fork,Edge-Ring_bank_boundary,Edge-Ring_scratch,Edge-Top_fork,Full_scratch,Normal,ParallelScratches,R,Random,RingDots",unkda_nv090,3,0.9,backbone,finch_p1(k193)
D:\project\unknown-contrastive\result_grouping\_unknown_mixed260710\embeddings\unkda_nv090_ep3.npy,unkda_nv090_ep3,finch_p2(k49),0.8125,0.6553,0.0,0.7242,0.7519,0.4555,0.7187,0.2615,49,32,8,1.53,"Center_bank_boundary,Center_scratch,Donut_bank_boundary,Donut_fork,Edge-Ring_bank_boundary,Edge-Ring_scratch,Edge-Top_fork,Full_scratch,Normal,ParallelScratches,R,Random,RingDots",unkda_nv090,3,0.9,backbone,finch_p2
D:\project\unknown-contrastive\result_grouping\_unknown_mixed260710\embeddings\unkda_nv090_ep3.npy,unkda_nv090_ep3,finch_p3(k16),0.4375,0.4062,0.0,0.8748,0.6249,0.3525,0.7224,0.361,16,32,2,0.5,"Center_bank_boundary,Center_scratch,Donut_bank_boundary,Donut_fork,Edge-Ring_bank_boundary,Edge-Ring_scratch,Edge-Top_fork,Full_scratch,Normal,ParallelScratches,R,Random,RingDots",unkda_nv090,3,0.9,backbone,finch_p3(k16)
D:\project\unknown-contrastive\result_grouping\_unknown_mixed260710\embeddings\unkda_nv090_ep3.npy,unkda_nv090_ep3,hdbscan_raw(옛다이얼),0.5312,0.3053,61.7,0.884,0.8738,0.7366,0.8675,0.6265,27,32,6,0.84,"Center_bank_boundary,Center_scratch,Donut_bank_boundary,Donut_fork,Edge-Ring_bank_boundary,Edge-Ring_scratch,Edge-Top_fork,Full_scratch,Normal,ParallelScratches,R,Random,RingDots",unkda_nv090,3,0.9,backbone,hdbscan_raw(옛다이얼)
D:\project\unknown-contrastive\result_grouping\_unknown_mixed260710\embeddings\unkda_nv090_ep3.npy,unkda_nv090_ep3,louvain_res6,0.9688,0.7209,0.0,0.7094,0.7931,0.5503,0.7268,0.2998,61,32,10,1.91,"Center_bank_boundary,Center_scratch,Donut_bank_boundary,Donut_fork,Edge-Ring_bank_boundary,Edge-Ring_scratch,Edge-Top_fork,Full_scratch,Normal,ParallelScratches,R,Random,RingDots",unkda_nv090,3,0.9,backbone,louvain_res6
D:\project\unknown-contrastive\result_grouping\_unknown_mixed260710\embeddings\unkda_nv090_ep4.npy,unkda_nv090_ep4,finch_p0(k864),1.0,0.8353,0.0,0.4871,0.8994,0.0789,0.3984,0.0795,864,32,204,27.0,"Center_bank_boundary,Center_scratch,Donut_bank_boundary,Donut_fork,Edge-Ring_bank_boundary,Edge-Ring_scratch,Edge-Top_fork,Full_scratch,Normal,ParallelScratches,R,Random,RingDots",unkda_nv090,4,0.9,backbone,finch_p0(k864)
D:\project\unknown-contrastive\result_grouping\_unknown_mixed260710\embeddings\unkda_nv090_ep4.npy,unkda_nv090_ep4,finch_p1(k179),1.0,0.7344,0.0,0.5811,0.8018,0.3309,0.6035,0.0912,179,32,38,5.59,"Center_bank_boundary,Center_scratch,Donut_bank_boundary,Donut_fork,Edge-Ring_bank_boundary,Edge-Ring_scratch,Edge-Top_fork,Full_scratch,Normal,ParallelScratches,R,Random,RingDots",unkda_nv090,4,0.9,backbone,finch_p1(k179)
D:\project\unknown-contrastive\result_grouping\_unknown_mixed260710\embeddings\unkda_nv090_ep4.npy,unkda_nv090_ep4,finch_p2(k52),0.9375,0.6347,0.0,0.6941,0.7298,0.4829,0.6903,0.21,52,32,9,1.62,"Center_bank_boundary,Center_scratch,Donut_bank_boundary,Donut_fork,Edge-Ring_bank_boundary,Edge-Ring_scratch,Edge-Top_fork,Full_scratch,Normal,ParallelScratches,R,Random,RingDots",unkda_nv090,4,0.9,backbone,finch_p2
D:\project\unknown-contrastive\result_grouping\_unknown_mixed260710\embeddings\unkda_nv090_ep4.npy,unkda_nv090_ep4,finch_p3(k17),0.4688,0.3809,0.0,0.8148,0.6014,0.3526,0.6843,0.3044,17,32,3,0.53,"Center_bank_boundary,Center_scratch,Donut_bank_boundary,Donut_fork,Edge-Ring_bank_boundary,Edge-Ring_scratch,Edge-Top_fork,Full_scratch,Normal,ParallelScratches,R,Random,RingDots",unkda_nv090,4,0.9,backbone,finch_p3(k17)
D:\project\unknown-contrastive\result_grouping\_unknown_mixed260710\embeddings\unkda_nv090_ep4.npy,unkda_nv090_ep4,hdbscan_raw(옛다이얼),0.5,0.3287,57.45,0.9,0.8579,0.6992,0.8689,0.6264,25,32,5,0.78,"Center_bank_boundary,Center_scratch,Donut_bank_boundary,Donut_fork,Edge-Ring_bank_boundary,Edge-Ring_scratch,Edge-Top_fork,Full_scratch,Normal,ParallelScratches,R,Random,RingDots",unkda_nv090,4,0.9,backbone,hdbscan_raw(옛다이얼)
D:\project\unknown-contrastive\result_grouping\_unknown_mixed260710\embeddings\unkda_nv090_ep4.npy,unkda_nv090_ep4,louvain_res6,1.0,0.6909,0.0,0.6866,0.7623,0.5452,0.6991,0.2704,57,32,8,1.78,"Center_bank_boundary,Center_scratch,Donut_bank_boundary,Donut_fork,Edge-Ring_bank_boundary,Edge-Ring_scratch,Edge-Top_fork,Full_scratch,Normal,ParallelScratches,R,Random,RingDots",unkda_nv090,4,0.9,backbone,louvain_res6
D:\project\unknown-contrastive\result_grouping\_unknown_mixed260710\embeddings\unkda_nv090_ep5.npy,unkda_nv090_ep5,finch_p0(k866),1.0,0.7863,0.0,0.4705,0.8736,0.0731,0.3597,0.0619,866,32,205,27.06,"Center_bank_boundary,Center_scratch,Donut_bank_boundary,Donut_fork,Edge-Ring_bank_boundary,Edge-Ring_scratch,Edge-Top_fork,Full_scratch,Normal,ParallelScratches,R,Random,RingDots",unkda_nv090,5,0.9,backbone,finch_p0(k866)
D:\project\unknown-contrastive\result_grouping\_unknown_mixed260710\embeddings\unkda_nv090_ep5.npy,unkda_nv090_ep5,finch_p1(k189),1.0,0.6734,0.0,0.544,0.7752,0.2353,0.5535,0.0853,189,32,34,5.91,"Center_bank_boundary,Center_scratch,Donut_bank_boundary,Donut_fork,Edge-Ring_bank_boundary,Edge-Ring_scratch,Edge-Top_fork,Full_scratch,Normal,ParallelScratches,R,Random,RingDots",unkda_nv090,5,0.9,backbone,finch_p1(k189)
D:\project\unknown-contrastive\result_grouping\_unknown_mixed260710\embeddings\unkda_nv090_ep5.npy,unkda_nv090_ep5,finch_p2(k50),0.875,0.5706,0.0,0.6787,0.7176,0.4316,0.6745,0.2323,50,32,8,1.56,"Center_bank_boundary,Center_scratch,Donut_bank_boundary,Donut_fork,Edge-Ring_bank_boundary,Edge-Ring_scratch,Edge-Top_fork,Full_scratch,Normal,ParallelScratches,R,Random,RingDots",unkda_nv090,5,0.9,backbone,finch_p2
D:\project\unknown-contrastive\result_grouping\_unknown_mixed260710\embeddings\unkda_nv090_ep5.npy,unkda_nv090_ep5,finch_p3(k15),0.4375,0.3841,0.0,0.8714,0.6169,0.3586,0.7159,0.3064,15,32,3,0.47,"Center_bank_boundary,Center_scratch,Donut_bank_boundary,Donut_fork,Edge-Ring_bank_boundary,Edge-Ring_scratch,Edge-Top_fork,Full_scratch,Normal,ParallelScratches,R,Random,RingDots",unkda_nv090,5,0.9,backbone,finch_p3(k15)
D:\project\unknown-contrastive\result_grouping\_unknown_mixed260710\embeddings\unkda_nv090_ep5.npy,unkda_nv090_ep5,hdbscan_raw(옛다이얼),0.5,0.3569,50.59,0.898,0.8199,0.5963,0.8454,0.5776,28,32,4,0.88,"Center_bank_boundary,Center_scratch,Donut_bank_boundary,Donut_fork,Edge-Ring_bank_boundary,Edge-Ring_scratch,Edge-Top_fork,Full_scratch,Normal,ParallelScratches,R,Random,RingDots",unkda_nv090,5,0.9,backbone,hdbscan_raw(옛다이얼)
D:\project\unknown-contrastive\result_grouping\_unknown_mixed260710\embeddings\unkda_nv090_ep5.npy,unkda_nv090_ep5,louvain_res6,0.9688,0.6319,0.0,0.6568,0.7371,0.4571,0.6674,0.2874,58,32,10,1.81,"Center_bank_boundary,Center_scratch,Donut_bank_boundary,Donut_fork,Edge-Ring_bank_boundary,Edge-Ring_scratch,Edge-Top_fork,Full_scratch,Normal,ParallelScratches,R,Random,RingDots",unkda_nv090,5,0.9,backbone,louvain_res6
D:\project\unknown-contrastive\result_grouping\_unknown_mixed260710\embeddings\unkda_nv090_ep6.npy,unkda_nv090_ep6,finch_p0(k847),1.0,0.7969,0.0,0.4721,0.8765,0.0648,0.364,0.0708,847,32,198,26.47,"Center_bank_boundary,Center_scratch,Donut_bank_boundary,Donut_fork,Edge-Ring_bank_boundary,Edge-Ring_scratch,Edge-Top_fork,Full_scratch,Normal,ParallelScratches,R,Random,RingDots",unkda_nv090,6,0.9,backbone,finch_p0(k847)
D:\project\unknown-contrastive\result_grouping\_unknown_mixed260710\embeddings\unkda_nv090_ep6.npy,unkda_nv090_ep6,finch_p1(k165),1.0,0.6703,0.0,0.5615,0.7705,0.2788,0.5754,0.0961,165,32,26,5.16,"Center_bank_boundary,Center_scratch,Donut_bank_boundary,Donut_fork,Edge-Ring_bank_boundary,Edge-Ring_scratch,Edge-Top_fork,Full_scratch,Normal,ParallelScratches,R,Random,RingDots",unkda_nv090,6,0.9,backbone,finch_p1(k165)
D:\project\unknown-contrastive\result_grouping\_unknown_mixed260710\embeddings\unkda_nv090_ep6.npy,unkda_nv090_ep6,finch_p2(k39),0.8125,0.5731,0.0,0.7342,0.7131,0.4347,0.7066,0.198,39,32,5,1.22,"Center_bank_boundary,Center_scratch,Donut_bank_boundary,Donut_fork,Edge-Ring_bank_boundary,Edge-Ring_scratch,Edge-Top_fork,Full_scratch,Normal,ParallelScratches,R,Random,RingDots",unkda_nv090,6,0.9,backbone,finch_p2
D:\project\unknown-contrastive\result_grouping\_unknown_mixed260710\embeddings\unkda_nv090_ep6.npy,unkda_nv090_ep6,finch_p3(k11),0.3438,0.3303,0.0,0.8998,0.5809,0.3037,0.7006,0.3198,11,32,2,0.34,"Center_bank_boundary,Center_scratch,Donut_bank_boundary,Donut_fork,Edge-Ring_bank_boundary,Edge-Ring_scratch,Edge-Top_fork,Full_scratch,Normal,ParallelScratches,R,Random,RingDots",unkda_nv090,6,0.9,backbone,finch_p3(k11)
D:\project\unknown-contrastive\result_grouping\_unknown_mixed260710\embeddings\unkda_nv090_ep6.npy,unkda_nv090_ep6,hdbscan_raw(옛다이얼),0.5,0.3194,56.18,0.9143,0.8294,0.6396,0.859,0.5654,25,32,3,0.78,"Center_bank_boundary,Center_scratch,Donut_bank_boundary,Donut_fork,Edge-Ring_bank_boundary,Edge-Ring_scratch,Edge-Top_fork,Full_scratch,Normal,ParallelScratches,R,Random,RingDots",unkda_nv090,6,0.9,backbone,hdbscan_raw(옛다이얼)
D:\project\unknown-contrastive\result_grouping\_unknown_mixed260710\embeddings\unkda_nv090_ep6.npy,unkda_nv090_ep6,louvain_res6,0.9062,0.6231,0.0,0.6681,0.7465,0.5005,0.6798,0.278,56,32,9,1.75,"Center_bank_boundary,Center_scratch,Donut_bank_boundary,Donut_fork,Edge-Ring_bank_boundary,Edge-Ring_scratch,Edge-Top_fork,Full_scratch,Normal,ParallelScratches,R,Random,RingDots",unkda_nv090,6,0.9,backbone,louvain_res6
D:\project\unknown-contrastive\result_grouping\_unknown_mixed260710\embeddings\unkda_nv090_ep7.npy,unkda_nv090_ep7,finch_p0(k859),1.0,0.7984,0.0,0.4725,0.8775,0.0647,0.3652,0.0725,859,32,203,26.84,"Center_bank_boundary,Center_scratch,Donut_bank_boundary,Donut_fork,Edge-Ring_bank_boundary,Edge-Ring_scratch,Edge-Top_fork,Full_scratch,Normal,ParallelScratches,R,Random,RingDots",unkda_nv090,7,0.9,backbone,finch_p0(k859)
D:\project\unknown-contrastive\result_grouping\_unknown_mixed260710\embeddings\unkda_nv090_ep7.npy,unkda_nv090_ep7,finch_p1(k174),1.0,0.6894,0.0,0.5611,0.7826,0.2566,0.5771,0.0894,174,32,38,5.44,"Center_bank_boundary,Center_scratch,Donut_bank_boundary,Donut_fork,Edge-Ring_bank_boundary,Edge-Ring_scratch,Edge-Top_fork,Full_scratch,Normal,ParallelScratches,R,Random,RingDots",unkda_nv090,7,0.9,backbone,finch_p1(k174)
D:\project\unknown-contrastive\result_grouping\_unknown_mixed260710\embeddings\unkda_nv090_ep7.npy,unkda_nv090_ep7,finch_p2(k45),0.875,0.6275,0.0,0.7281,0.7438,0.4814,0.7177,0.2541,45,32,6,1.41,"Center_bank_boundary,Center_scratch,Donut_bank_boundary,Donut_fork,Edge-Ring_bank_boundary,Edge-Ring_scratch,Edge-Top_fork,Full_scratch,Normal,ParallelScratches,R,Random,RingDots",unkda_nv090,7,0.9,backbone,finch_p2
D:\project\unknown-contrastive\result_grouping\_unknown_mixed260710\embeddings\unkda_nv090_ep7.npy,unkda_nv090_ep7,finch_p3(k15),0.4375,0.3569,0.0,0.8623,0.5767,0.2662,0.6837,0.3037,15,32,2,0.47,"Center_bank_boundary,Center_scratch,Donut_bank_boundary,Donut_fork,Edge-Ring_bank_boundary,Edge-Ring_scratch,Edge-Top_fork,Full_scratch,Normal,ParallelScratches,R,Random,RingDots",unkda_nv090,7,0.9,backbone,finch_p3(k15)
D:\project\unknown-contrastive\result_grouping\_unknown_mixed260710\embeddings\unkda_nv090_ep7.npy,unkda_nv090_ep7,hdbscan_raw(옛다이얼),0.4688,0.3253,52.68,0.9169,0.7959,0.5891,0.8408,0.5682,24,32,2,0.75,"Center_bank_boundary,Center_scratch,Donut_bank_boundary,Donut_fork,Edge-Ring_bank_boundary,Edge-Ring_scratch,Edge-Top_fork,Full_scratch,Normal,ParallelScratches,R,Random,RingDots",unkda_nv090,7,0.9,backbone,hdbscan_raw(옛다이얼)
D:\project\unknown-contrastive\result_grouping\_unknown_mixed260710\embeddings\unkda_nv090_ep7.npy,unkda_nv090_ep7,louvain_res6,0.9375,0.6312,0.0,0.6768,0.7504,0.5022,0.6883,0.2865,53,32,7,1.66,"Center_bank_boundary,Center_scratch,Donut_bank_boundary,Donut_fork,Edge-Ring_bank_boundary,Edge-Ring_scratch,Edge-Top_fork,Full_scratch,Normal,ParallelScratches,R,Random,RingDots",unkda_nv090,7,0.9,backbone,louvain_res6
