embedding,embedding_name,method,P1_capture,P1_capture_count,P1_target_class_count,legacy_presence_count,legacy_presence_rate,recov,P2_noise_pct,P3_completeness,P4_homogeneity,ARI,AMI,Sil,k_total,k_classes,k_noise,fragment_ratio,exclude_classes
D:\project\unknown-contrastive\result_grouping\_unknown_mixed260710\embeddings\unkda_base_ep2_proj.npy,unkda_base_ep2_proj,finch_p0(k919),1.0,32,32,32,1.0,0.78,0.0,0.4887,0.9096,0.0692,0.3979,0.1195,919,32,227,28.72,"Center_bank_boundary,Center_scratch,Donut_bank_boundary,Donut_fork,Edge-Ring_bank_boundary,Edge-Ring_scratch,Edge-Top_fork,Full_scratch,Normal,ParallelScratches,R,Random,RingDots"
D:\project\unknown-contrastive\result_grouping\_unknown_mixed260710\embeddings\unkda_base_ep2_proj.npy,unkda_base_ep2_proj,finch_p1(k227),1.0,32,32,32,1.0,0.7388,0.0,0.5757,0.8401,0.243,0.5996,0.1196,227,32,49,7.09,"Center_bank_boundary,Center_scratch,Donut_bank_boundary,Donut_fork,Edge-Ring_bank_boundary,Edge-Ring_scratch,Edge-Top_fork,Full_scratch,Normal,ParallelScratches,R,Random,RingDots"
D:\project\unknown-contrastive\result_grouping\_unknown_mixed260710\embeddings\unkda_base_ep2_proj.npy,unkda_base_ep2_proj,finch_p2(k59),0.8125,26,32,32,1.0,0.6025,0.0,0.729,0.7574,0.3994,0.7208,0.2586,59,32,14,1.84,"Center_bank_boundary,Center_scratch,Donut_bank_boundary,Donut_fork,Edge-Ring_bank_boundary,Edge-Ring_scratch,Edge-Top_fork,Full_scratch,Normal,ParallelScratches,R,Random,RingDots"
D:\project\unknown-contrastive\result_grouping\_unknown_mixed260710\embeddings\unkda_base_ep2_proj.npy,unkda_base_ep2_proj,finch_p3(k16),0.375,12,32,32,1.0,0.2772,0.0,0.8188,0.6174,0.3604,0.6962,0.304,16,32,2,0.5,"Center_bank_boundary,Center_scratch,Donut_bank_boundary,Donut_fork,Edge-Ring_bank_boundary,Edge-Ring_scratch,Edge-Top_fork,Full_scratch,Normal,ParallelScratches,R,Random,RingDots"
D:\project\unknown-contrastive\result_grouping\_unknown_mixed260710\embeddings\unkda_base_ep2_proj.npy,unkda_base_ep2_proj,louvain_res6,0.9688,31,32,32,1.0,0.6875,0.0,0.7088,0.7975,0.5447,0.7276,0.3312,62,32,12,1.94,"Center_bank_boundary,Center_scratch,Donut_bank_boundary,Donut_fork,Edge-Ring_bank_boundary,Edge-Ring_scratch,Edge-Top_fork,Full_scratch,Normal,ParallelScratches,R,Random,RingDots"
D:\project\unknown-contrastive\result_grouping\_unknown_mixed260710\embeddings\unkda_base_ep2_proj.npy,unkda_base_ep2_proj,hdbscan_raw(옛다이얼),0.5625,18,32,32,1.0,0.3437,60.34,0.872,0.8968,0.7491,0.8716,0.6546,32,32,5,1.0,"Center_bank_boundary,Center_scratch,Donut_bank_boundary,Donut_fork,Edge-Ring_bank_boundary,Edge-Ring_scratch,Edge-Top_fork,Full_scratch,Normal,ParallelScratches,R,Random,RingDots"
D:\project\unknown-contrastive\result_grouping\_unknown_mixed260710\embeddings\unkda_base_ep3_proj.npy,unkda_base_ep3_proj,finch_p0(k948),1.0,32,32,32,1.0,0.7478,0.0,0.4798,0.904,0.0599,0.3731,0.1314,948,32,235,29.62,"Center_bank_boundary,Center_scratch,Donut_bank_boundary,Donut_fork,Edge-Ring_bank_boundary,Edge-Ring_scratch,Edge-Top_fork,Full_scratch,Normal,ParallelScratches,R,Random,RingDots"
D:\project\unknown-contrastive\result_grouping\_unknown_mixed260710\embeddings\unkda_base_ep3_proj.npy,unkda_base_ep3_proj,finch_p1(k224),1.0,32,32,32,1.0,0.6825,0.0,0.5619,0.8176,0.2298,0.5781,0.1371,224,32,59,7.0,"Center_bank_boundary,Center_scratch,Donut_bank_boundary,Donut_fork,Edge-Ring_bank_boundary,Edge-Ring_scratch,Edge-Top_fork,Full_scratch,Normal,ParallelScratches,R,Random,RingDots"
D:\project\unknown-contrastive\result_grouping\_unknown_mixed260710\embeddings\unkda_base_ep3_proj.npy,unkda_base_ep3_proj,finch_p2(k57),0.9062,29,32,32,1.0,0.634,0.0,0.6999,0.7499,0.4351,0.6999,0.2515,57,32,11,1.78,"Center_bank_boundary,Center_scratch,Donut_bank_boundary,Donut_fork,Edge-Ring_bank_boundary,Edge-Ring_scratch,Edge-Top_fork,Full_scratch,Normal,ParallelScratches,R,Random,RingDots"
D:\project\unknown-contrastive\result_grouping\_unknown_mixed260710\embeddings\unkda_base_ep3_proj.npy,unkda_base_ep3_proj,finch_p3(k14),0.2812,9,32,32,1.0,0.225,0.0,0.7729,0.5451,0.2953,0.6316,0.284,14,32,3,0.44,"Center_bank_boundary,Center_scratch,Donut_bank_boundary,Donut_fork,Edge-Ring_bank_boundary,Edge-Ring_scratch,Edge-Top_fork,Full_scratch,Normal,ParallelScratches,R,Random,RingDots"
D:\project\unknown-contrastive\result_grouping\_unknown_mixed260710\embeddings\unkda_base_ep3_proj.npy,unkda_base_ep3_proj,louvain_res6,0.875,28,32,32,1.0,0.6503,0.0,0.6882,0.7813,0.4958,0.7064,0.3465,63,32,14,1.97,"Center_bank_boundary,Center_scratch,Donut_bank_boundary,Donut_fork,Edge-Ring_bank_boundary,Edge-Ring_scratch,Edge-Top_fork,Full_scratch,Normal,ParallelScratches,R,Random,RingDots"
D:\project\unknown-contrastive\result_grouping\_unknown_mixed260710\embeddings\unkda_base_ep3_proj.npy,unkda_base_ep3_proj,hdbscan_raw(옛다이얼),0.4688,15,32,28,0.875,0.3391,59.03,0.874,0.9051,0.7433,0.8793,0.6652,29,32,4,0.91,"Center_bank_boundary,Center_scratch,Donut_bank_boundary,Donut_fork,Edge-Ring_bank_boundary,Edge-Ring_scratch,Edge-Top_fork,Full_scratch,Normal,ParallelScratches,R,Random,RingDots"
D:\project\unknown-contrastive\result_grouping\_unknown_mixed260710\embeddings\unkda_nv050_ep1_proj.npy,unkda_nv050_ep1_proj,finch_p0(k1072),1.0,32,32,32,1.0,0.7684,0.0,0.4782,0.9183,0.0527,0.3583,0.2275,1072,32,273,33.5,"Center_bank_boundary,Center_scratch,Donut_bank_boundary,Donut_fork,Edge-Ring_bank_boundary,Edge-Ring_scratch,Edge-Top_fork,Full_scratch,Normal,ParallelScratches,R,Random,RingDots"
D:\project\unknown-contrastive\result_grouping\_unknown_mixed260710\embeddings\unkda_nv050_ep1_proj.npy,unkda_nv050_ep1_proj,finch_p1(k259),1.0,32,32,32,1.0,0.6931,0.0,0.5639,0.8531,0.2142,0.5835,0.1682,259,32,61,8.09,"Center_bank_boundary,Center_scratch,Donut_bank_boundary,Donut_fork,Edge-Ring_bank_boundary,Edge-Ring_scratch,Edge-Top_fork,Full_scratch,Normal,ParallelScratches,R,Random,RingDots"
D:\project\unknown-contrastive\result_grouping\_unknown_mixed260710\embeddings\unkda_nv050_ep1_proj.npy,unkda_nv050_ep1_proj,finch_p2(k59),0.8438,27,32,32,1.0,0.5722,0.0,0.696,0.7688,0.4602,0.7066,0.225,59,32,13,1.84,"Center_bank_boundary,Center_scratch,Donut_bank_boundary,Donut_fork,Edge-Ring_bank_boundary,Edge-Ring_scratch,Edge-Top_fork,Full_scratch,Normal,ParallelScratches,R,Random,RingDots"
D:\project\unknown-contrastive\result_grouping\_unknown_mixed260710\embeddings\unkda_nv050_ep1_proj.npy,unkda_nv050_ep1_proj,finch_p3(k15),0.375,12,32,32,1.0,0.2912,0.0,0.7976,0.5819,0.3252,0.6647,-0.0237,15,32,4,0.47,"Center_bank_boundary,Center_scratch,Donut_bank_boundary,Donut_fork,Edge-Ring_bank_boundary,Edge-Ring_scratch,Edge-Top_fork,Full_scratch,Normal,ParallelScratches,R,Random,RingDots"
D:\project\unknown-contrastive\result_grouping\_unknown_mixed260710\embeddings\unkda_nv050_ep1_proj.npy,unkda_nv050_ep1_proj,louvain_res6,0.8438,27,32,32,1.0,0.6006,0.0,0.6946,0.7849,0.5027,0.713,0.3326,60,32,16,1.88,"Center_bank_boundary,Center_scratch,Donut_bank_boundary,Donut_fork,Edge-Ring_bank_boundary,Edge-Ring_scratch,Edge-Top_fork,Full_scratch,Normal,ParallelScratches,R,Random,RingDots"
D:\project\unknown-contrastive\result_grouping\_unknown_mixed260710\embeddings\unkda_nv050_ep1_proj.npy,unkda_nv050_ep1_proj,hdbscan_raw(옛다이얼),0.0,0,32,32,1.0,0.0,1.08,0.9798,0.1311,0.0254,0.2293,0.9647,2,32,0,0.06,"Center_bank_boundary,Center_scratch,Donut_bank_boundary,Donut_fork,Edge-Ring_bank_boundary,Edge-Ring_scratch,Edge-Top_fork,Full_scratch,Normal,ParallelScratches,R,Random,RingDots"
D:\project\unknown-contrastive\result_grouping\_unknown_mixed260710\embeddings\unkda_nv050_ep2_proj.npy,unkda_nv050_ep2_proj,finch_p0(k1068),1.0,32,32,32,1.0,0.7463,0.0,0.4689,0.904,0.0463,0.3346,0.2033,1068,32,262,33.38,"Center_bank_boundary,Center_scratch,Donut_bank_boundary,Donut_fork,Edge-Ring_bank_boundary,Edge-Ring_scratch,Edge-Top_fork,Full_scratch,Normal,ParallelScratches,R,Random,RingDots"
D:\project\unknown-contrastive\result_grouping\_unknown_mixed260710\embeddings\unkda_nv050_ep2_proj.npy,unkda_nv050_ep2_proj,finch_p1(k257),1.0,32,32,32,1.0,0.6144,0.0,0.5223,0.7907,0.1676,0.5183,0.1112,257,32,64,8.03,"Center_bank_boundary,Center_scratch,Donut_bank_boundary,Donut_fork,Edge-Ring_bank_boundary,Edge-Ring_scratch,Edge-Top_fork,Full_scratch,Normal,ParallelScratches,R,Random,RingDots"
D:\project\unknown-contrastive\result_grouping\_unknown_mixed260710\embeddings\unkda_nv050_ep2_proj.npy,unkda_nv050_ep2_proj,finch_p2(k61),0.8438,27,32,32,1.0,0.4966,0.0,0.6214,0.676,0.355,0.6154,0.0671,61,32,14,1.91,"Center_bank_boundary,Center_scratch,Donut_bank_boundary,Donut_fork,Edge-Ring_bank_boundary,Edge-Ring_scratch,Edge-Top_fork,Full_scratch,Normal,ParallelScratches,R,Random,RingDots"
D:\project\unknown-contrastive\result_grouping\_unknown_mixed260710\embeddings\unkda_nv050_ep2_proj.npy,unkda_nv050_ep2_proj,finch_p3(k13),0.3125,10,32,32,1.0,0.2413,0.0,0.6736,0.4797,0.257,0.551,0.2764,13,32,1,0.41,"Center_bank_boundary,Center_scratch,Donut_bank_boundary,Donut_fork,Edge-Ring_bank_boundary,Edge-Ring_scratch,Edge-Top_fork,Full_scratch,Normal,ParallelScratches,R,Random,RingDots"
D:\project\unknown-contrastive\result_grouping\_unknown_mixed260710\embeddings\unkda_nv050_ep2_proj.npy,unkda_nv050_ep2_proj,louvain_res6,0.9062,29,32,32,1.0,0.5547,0.0,0.6169,0.7116,0.3795,0.6274,0.2598,65,32,13,2.03,"Center_bank_boundary,Center_scratch,Donut_bank_boundary,Donut_fork,Edge-Ring_bank_boundary,Edge-Ring_scratch,Edge-Top_fork,Full_scratch,Normal,ParallelScratches,R,Random,RingDots"
D:\project\unknown-contrastive\result_grouping\_unknown_mixed260710\embeddings\unkda_nv050_ep2_proj.npy,unkda_nv050_ep2_proj,hdbscan_raw(옛다이얼),0.2188,7,32,31,0.9688,0.1184,29.06,0.9934,0.2498,0.0406,0.3844,0.3845,11,32,3,0.34,"Center_bank_boundary,Center_scratch,Donut_bank_boundary,Donut_fork,Edge-Ring_bank_boundary,Edge-Ring_scratch,Edge-Top_fork,Full_scratch,Normal,ParallelScratches,R,Random,RingDots"
D:\project\unknown-contrastive\result_grouping\_unknown_mixed260710\embeddings\unkda_nv050_ep6_proj.npy,unkda_nv050_ep6_proj,finch_p0(k1058),1.0,32,32,32,1.0,0.7737,0.0,0.476,0.9137,0.0503,0.3538,0.2289,1058,32,279,33.06,"Center_bank_boundary,Center_scratch,Donut_bank_boundary,Donut_fork,Edge-Ring_bank_boundary,Edge-Ring_scratch,Edge-Top_fork,Full_scratch,Normal,ParallelScratches,R,Random,RingDots"
D:\project\unknown-contrastive\result_grouping\_unknown_mixed260710\embeddings\unkda_nv050_ep6_proj.npy,unkda_nv050_ep6_proj,finch_p1(k263),1.0,32,32,32,1.0,0.6919,0.0,0.5436,0.8318,0.1905,0.5514,0.1999,263,32,55,8.22,"Center_bank_boundary,Center_scratch,Donut_bank_boundary,Donut_fork,Edge-Ring_bank_boundary,Edge-Ring_scratch,Edge-Top_fork,Full_scratch,Normal,ParallelScratches,R,Random,RingDots"
D:\project\unknown-contrastive\result_grouping\_unknown_mixed260710\embeddings\unkda_nv050_ep6_proj.npy,unkda_nv050_ep6_proj,finch_p2(k60),0.9062,29,32,32,1.0,0.5166,0.0,0.6465,0.7317,0.3919,0.6561,0.1159,60,32,11,1.88,"Center_bank_boundary,Center_scratch,Donut_bank_boundary,Donut_fork,Edge-Ring_bank_boundary,Edge-Ring_scratch,Edge-Top_fork,Full_scratch,Normal,ParallelScratches,R,Random,RingDots"
D:\project\unknown-contrastive\result_grouping\_unknown_mixed260710\embeddings\unkda_nv050_ep6_proj.npy,unkda_nv050_ep6_proj,finch_p3(k16),0.375,12,32,32,1.0,0.2619,0.0,0.7449,0.5554,0.3013,0.6266,0.0999,16,32,0,0.5,"Center_bank_boundary,Center_scratch,Donut_bank_boundary,Donut_fork,Edge-Ring_bank_boundary,Edge-Ring_scratch,Edge-Top_fork,Full_scratch,Normal,ParallelScratches,R,Random,RingDots"
D:\project\unknown-contrastive\result_grouping\_unknown_mixed260710\embeddings\unkda_nv050_ep6_proj.npy,unkda_nv050_ep6_proj,louvain_res6,0.9062,29,32,32,1.0,0.6128,0.0,0.6513,0.7543,0.3946,0.6696,0.2807,62,32,9,1.94,"Center_bank_boundary,Center_scratch,Donut_bank_boundary,Donut_fork,Edge-Ring_bank_boundary,Edge-Ring_scratch,Edge-Top_fork,Full_scratch,Normal,ParallelScratches,R,Random,RingDots"
D:\project\unknown-contrastive\result_grouping\_unknown_mixed260710\embeddings\unkda_nv050_ep6_proj.npy,unkda_nv050_ep6_proj,hdbscan_raw(옛다이얼),0.3125,10,32,29,0.9062,0.1994,43.16,0.9721,0.661,0.4417,0.7795,0.6249,13,32,1,0.41,"Center_bank_boundary,Center_scratch,Donut_bank_boundary,Donut_fork,Edge-Ring_bank_boundary,Edge-Ring_scratch,Edge-Top_fork,Full_scratch,Normal,ParallelScratches,R,Random,RingDots"
D:\project\unknown-contrastive\result_grouping\_unknown_mixed260710\embeddings\unkda_nv050_ep7_proj.npy,unkda_nv050_ep7_proj,finch_p0(k1103),1.0,32,32,32,1.0,0.7697,0.0,0.4715,0.9118,0.0468,0.3386,0.2662,1103,32,273,34.47,"Center_bank_boundary,Center_scratch,Donut_bank_boundary,Donut_fork,Edge-Ring_bank_boundary,Edge-Ring_scratch,Edge-Top_fork,Full_scratch,Normal,ParallelScratches,R,Random,RingDots"
D:\project\unknown-contrastive\result_grouping\_unknown_mixed260710\embeddings\unkda_nv050_ep7_proj.npy,unkda_nv050_ep7_proj,finch_p1(k270),1.0,32,32,32,1.0,0.6684,0.0,0.5443,0.8269,0.1861,0.5521,0.1801,270,32,67,8.44,"Center_bank_boundary,Center_scratch,Donut_bank_boundary,Donut_fork,Edge-Ring_bank_boundary,Edge-Ring_scratch,Edge-Top_fork,Full_scratch,Normal,ParallelScratches,R,Random,RingDots"
D:\project\unknown-contrastive\result_grouping\_unknown_mixed260710\embeddings\unkda_nv050_ep7_proj.npy,unkda_nv050_ep7_proj,finch_p2(k68),0.9062,29,32,32,1.0,0.5853,0.0,0.6598,0.7577,0.4123,0.6754,0.2208,68,32,15,2.12,"Center_bank_boundary,Center_scratch,Donut_bank_boundary,Donut_fork,Edge-Ring_bank_boundary,Edge-Ring_scratch,Edge-Top_fork,Full_scratch,Normal,ParallelScratches,R,Random,RingDots"
D:\project\unknown-contrastive\result_grouping\_unknown_mixed260710\embeddings\unkda_nv050_ep7_proj.npy,unkda_nv050_ep7_proj,finch_p3(k14),0.2812,9,32,32,1.0,0.2575,0.0,0.7836,0.5434,0.2709,0.6333,0.373,14,32,1,0.44,"Center_bank_boundary,Center_scratch,Donut_bank_boundary,Donut_fork,Edge-Ring_bank_boundary,Edge-Ring_scratch,Edge-Top_fork,Full_scratch,Normal,ParallelScratches,R,Random,RingDots"
D:\project\unknown-contrastive\result_grouping\_unknown_mixed260710\embeddings\unkda_nv050_ep7_proj.npy,unkda_nv050_ep7_proj,louvain_res6,0.9062,29,32,32,1.0,0.5714,0.0,0.6584,0.7635,0.4063,0.678,0.3636,64,32,14,2.0,"Center_bank_boundary,Center_scratch,Donut_bank_boundary,Donut_fork,Edge-Ring_bank_boundary,Edge-Ring_scratch,Edge-Top_fork,Full_scratch,Normal,ParallelScratches,R,Random,RingDots"
D:\project\unknown-contrastive\result_grouping\_unknown_mixed260710\embeddings\unkda_nv050_ep7_proj.npy,unkda_nv050_ep7_proj,hdbscan_raw(옛다이얼),0.1562,5,32,32,1.0,0.12,11.53,0.9931,0.4534,0.1636,0.6161,0.4869,9,32,1,0.28,"Center_bank_boundary,Center_scratch,Donut_bank_boundary,Donut_fork,Edge-Ring_bank_boundary,Edge-Ring_scratch,Edge-Top_fork,Full_scratch,Normal,ParallelScratches,R,Random,RingDots"
D:\project\unknown-contrastive\result_grouping\_unknown_mixed260710\embeddings\unkda_nv060_ep7_proj.npy,unkda_nv060_ep7_proj,finch_p0(k1159),1.0,32,32,32,1.0,0.6281,0.0,0.4453,0.8779,0.0325,0.2623,0.3047,1159,32,310,36.22,"Center_bank_boundary,Center_scratch,Donut_bank_boundary,Donut_fork,Edge-Ring_bank_boundary,Edge-Ring_scratch,Edge-Top_fork,Full_scratch,Normal,ParallelScratches,R,Random,RingDots"
D:\project\unknown-contrastive\result_grouping\_unknown_mixed260710\embeddings\unkda_nv060_ep7_proj.npy,unkda_nv060_ep7_proj,finch_p1(k297),1.0,32,32,32,1.0,0.5853,0.0,0.4927,0.7735,0.1341,0.4651,0.176,297,32,60,9.28,"Center_bank_boundary,Center_scratch,Donut_bank_boundary,Donut_fork,Edge-Ring_bank_boundary,Edge-Ring_scratch,Edge-Top_fork,Full_scratch,Normal,ParallelScratches,R,Random,RingDots"
D:\project\unknown-contrastive\result_grouping\_unknown_mixed260710\embeddings\unkda_nv060_ep7_proj.npy,unkda_nv060_ep7_proj,finch_p2(k68),0.9062,29,32,32,1.0,0.4831,0.0,0.5885,0.6829,0.3334,0.5927,0.202,68,32,9,2.12,"Center_bank_boundary,Center_scratch,Donut_bank_boundary,Donut_fork,Edge-Ring_bank_boundary,Edge-Ring_scratch,Edge-Top_fork,Full_scratch,Normal,ParallelScratches,R,Random,RingDots"
D:\project\unknown-contrastive\result_grouping\_unknown_mixed260710\embeddings\unkda_nv060_ep7_proj.npy,unkda_nv060_ep7_proj,finch_p3(k18),0.4062,13,32,32,1.0,0.2806,0.0,0.7066,0.5501,0.2716,0.6072,0.1519,18,32,2,0.56,"Center_bank_boundary,Center_scratch,Donut_bank_boundary,Donut_fork,Edge-Ring_bank_boundary,Edge-Ring_scratch,Edge-Top_fork,Full_scratch,Normal,ParallelScratches,R,Random,RingDots"
D:\project\unknown-contrastive\result_grouping\_unknown_mixed260710\embeddings\unkda_nv060_ep7_proj.npy,unkda_nv060_ep7_proj,louvain_res6,0.875,28,32,32,1.0,0.4884,0.0,0.5936,0.6913,0.3365,0.6028,0.3304,62,32,6,1.94,"Center_bank_boundary,Center_scratch,Donut_bank_boundary,Donut_fork,Edge-Ring_bank_boundary,Edge-Ring_scratch,Edge-Top_fork,Full_scratch,Normal,ParallelScratches,R,Random,RingDots"
D:\project\unknown-contrastive\result_grouping\_unknown_mixed260710\embeddings\unkda_nv060_ep7_proj.npy,unkda_nv060_ep7_proj,hdbscan_raw(옛다이얼),0.3125,10,32,30,0.9375,0.1737,40.71,0.943,0.6162,0.3427,0.7346,0.6927,15,32,2,0.47,"Center_bank_boundary,Center_scratch,Donut_bank_boundary,Donut_fork,Edge-Ring_bank_boundary,Edge-Ring_scratch,Edge-Top_fork,Full_scratch,Normal,ParallelScratches,R,Random,RingDots"
