P1_capture,P1_capture_count,P1_target_class_count,legacy_presence_rate,P2_noise_pct,P3_completeness,P4_homogeneity,ARI,AMI,Sil,k_total,k_classes,k_noise,fragment_ratio,recipe,epoch,threshold,embedding,label,embedding_mtime_ns,method,p1_nonregress,p2_nonregress,p3_nonregress,p4_nonregress,ari_nonregress,sil_nonregress,primary_gate,core_gate
0.9375,30,32,1.0,0.0,0.8302,0.8918,0.709,0.8491,0.304480105638504,58,32,13,1.8125,frozen,0,,D:\project\unknown-contrastive\result_grouping\_field_robust\embeddings\frozen_unknown_dinov3_grade_only_260709.npy,DINOv3 frozen,1783565383203819600,finch_p2,True,True,True,True,True,True,True,True
0.9688,31,32,1.0,0.0,0.8684,0.9075,0.785,0.88,0.3775315284729004,52,32,12,1.625,frozen,0,,D:\project\unknown-contrastive\result_grouping\_field_robust\embeddings\frozen_unknown_dinov3_grade_only_260709.npy,DINOv3 frozen,1783565383203819600,louvain_res6,True,True,True,True,True,True,True,True
0.9375,30,32,1.0,0.0,0.7521,0.8251,0.5927,0.7691,0.2608539760112762,60,32,12,1.875,unkda_base,1,,D:\project\unknown-contrastive\result_grouping\_unknown_mixed260710\embeddings\unkda_base_ep1.npy,SimCLR base,1783644535166236500,finch_p2,True,True,False,False,False,False,False,False
0.8125,26,32,1.0,0.0,0.7617,0.8277,0.614,0.7769,0.3414433300495147,58,32,14,1.8125,unkda_base,1,,D:\project\unknown-contrastive\result_grouping\_unknown_mixed260710\embeddings\unkda_base_ep1.npy,SimCLR base,1783644535166236500,louvain_res6,False,True,False,False,False,False,False,False
0.8125,26,32,1.0,0.0,0.8021,0.8491,0.5959,0.811,0.2953847646713257,58,32,12,1.8125,unkda_base,2,,D:\project\unknown-contrastive\result_grouping\_unknown_mixed260710\embeddings\unkda_base_ep2.npy,SimCLR base,1783645566643738400,finch_p2,False,True,False,False,False,False,False,False
0.9062,29,32,1.0,0.0,0.8056,0.8696,0.6878,0.8238,0.3349498212337494,57,32,13,1.78125,unkda_base,2,,D:\project\unknown-contrastive\result_grouping\_unknown_mixed260710\embeddings\unkda_base_ep2.npy,SimCLR base,1783645566643738400,louvain_res6,False,True,False,False,False,False,False,False
0.9375,30,32,1.0,0.0,0.7585,0.8126,0.538,0.7676,0.3041214048862457,54,32,10,1.6875,unkda_base,3,,D:\project\unknown-contrastive\result_grouping\_unknown_mixed260710\embeddings\unkda_base_ep3.npy,SimCLR base,1783646573403577100,finch_p2,True,True,False,False,False,False,False,False
0.875,28,32,1.0,0.0,0.7735,0.8439,0.6281,0.7917,0.3429700434207916,57,32,11,1.78125,unkda_base,3,,D:\project\unknown-contrastive\result_grouping\_unknown_mixed260710\embeddings\unkda_base_ep3.npy,SimCLR base,1783646573403577100,louvain_res6,False,True,False,False,False,False,False,False
0.8125,26,32,1.0,0.0,0.7798,0.8146,0.5842,0.7824,0.3243346810340881,49,32,11,1.53125,unkda_base,4,,D:\project\unknown-contrastive\result_grouping\_unknown_mixed260710\embeddings\unkda_base_ep4.npy,SimCLR base,1783647722998044600,finch_p2,False,True,False,False,False,True,False,False
0.9062,29,32,1.0,0.0,0.779,0.8368,0.6454,0.7925,0.3467144072055816,53,32,11,1.65625,unkda_base,4,,D:\project\unknown-contrastive\result_grouping\_unknown_mixed260710\embeddings\unkda_base_ep4.npy,SimCLR base,1783647722998044600,louvain_res6,False,True,False,False,False,False,False,False
0.8125,26,32,1.0,0.0,0.7154,0.7564,0.4944,0.7144,0.2226268053054809,52,32,10,1.625,unkda_base,5,,D:\project\unknown-contrastive\result_grouping\_unknown_mixed260710\embeddings\unkda_base_ep5.npy,SimCLR base,1783649143288596000,finch_p2,False,True,False,False,False,False,False,False
0.7812,25,32,1.0,0.0,0.705,0.7708,0.5154,0.7151,0.3013630211353302,55,32,11,1.71875,unkda_base,5,,D:\project\unknown-contrastive\result_grouping\_unknown_mixed260710\embeddings\unkda_base_ep5.npy,SimCLR base,1783649143288596000,louvain_res6,False,True,False,False,False,False,False,False
0.7188,23,32,1.0,0.0,0.7718,0.7782,0.5433,0.7599,0.2542186677455902,45,32,11,1.40625,unkda_base,6,,D:\project\unknown-contrastive\result_grouping\_unknown_mixed260710\embeddings\unkda_base_ep6.npy,SimCLR base,1783650286471532900,finch_p2,False,True,False,False,False,False,False,False
0.8438,27,32,1.0,0.0,0.7397,0.8063,0.585,0.7533,0.3408904671669006,55,32,12,1.71875,unkda_base,6,,D:\project\unknown-contrastive\result_grouping\_unknown_mixed260710\embeddings\unkda_base_ep6.npy,SimCLR base,1783650286471532900,louvain_res6,False,True,False,False,False,False,False,False
0.7812,25,32,1.0,0.0,0.7862,0.7951,0.4854,0.775,0.2395607531070709,47,32,7,1.46875,unkda_base,7,,D:\project\unknown-contrastive\result_grouping\_unknown_mixed260710\embeddings\unkda_base_ep7.npy,SimCLR base,1783651261929974100,finch_p2,False,True,False,False,False,False,False,False
0.8438,27,32,1.0,0.0,0.7717,0.838,0.6265,0.7881,0.3420788049697876,54,32,12,1.6875,unkda_base,7,,D:\project\unknown-contrastive\result_grouping\_unknown_mixed260710\embeddings\unkda_base_ep7.npy,SimCLR base,1783651261929974100,louvain_res6,False,True,False,False,False,False,False,False
0.8125,26,32,1.0,0.0,0.7874,0.7959,0.5336,0.7776,0.2532956898212433,45,32,8,1.40625,unkda_base,8,,D:\project\unknown-contrastive\result_grouping\_unknown_mixed260710\embeddings\unkda_base_ep8.npy,SimCLR base,1783652272182117400,finch_p2,False,True,False,False,False,False,False,False
0.875,28,32,1.0,0.0,0.7748,0.8131,0.608,0.7792,0.302436888217926,45,32,9,1.40625,unkda_base,8,,D:\project\unknown-contrastive\result_grouping\_unknown_mixed260710\embeddings\unkda_base_ep8.npy,SimCLR base,1783652272182117400,louvain_res6,False,True,False,False,False,False,False,False
0.625,20,32,1.0,0.0,0.744,0.7361,0.4803,0.7239,0.2228292822837829,40,32,8,1.25,unkda_base,9,,D:\project\unknown-contrastive\result_grouping\_unknown_mixed260710\embeddings\unkda_base_ep9.npy,SimCLR base,1783653269759089200,finch_p2,False,True,False,False,False,False,False,False
0.8438,27,32,1.0,0.0,0.7186,0.7784,0.5625,0.7285,0.265540212392807,48,32,7,1.5,unkda_base,9,,D:\project\unknown-contrastive\result_grouping\_unknown_mixed260710\embeddings\unkda_base_ep9.npy,SimCLR base,1783653269759089200,louvain_res6,False,True,False,False,False,False,False,False
0.75,24,32,1.0,0.0,0.7141,0.736,0.5026,0.706,0.2498696744441986,44,32,5,1.375,unkda_base,10,,D:\project\unknown-contrastive\result_grouping\_unknown_mixed260710\embeddings\unkda_base_ep10.npy,SimCLR base,1783654261139970000,finch_p2,False,True,False,False,False,False,False,False
0.7812,25,32,1.0,0.0,0.7089,0.7578,0.5587,0.7132,0.302016019821167,47,32,8,1.46875,unkda_base,10,,D:\project\unknown-contrastive\result_grouping\_unknown_mixed260710\embeddings\unkda_base_ep10.npy,SimCLR base,1783654261139970000,louvain_res6,False,True,False,False,False,False,False,False
0.9688,31,32,1.0,0.0,0.7955,0.8836,0.64,0.8229,0.3752869367599487,66,32,18,2.0625,unkda_nv050,1,0.5,D:\project\unknown-contrastive\result_grouping\_unknown_mixed260710\embeddings\unkda_nv050_ep1.npy,NV 0.50,1783666234698892300,finch_p2,True,True,False,False,False,True,False,False
0.9688,31,32,1.0,0.0,0.8131,0.8914,0.6731,0.8384,0.4359631240367889,62,32,16,1.9375,unkda_nv050,1,0.5,D:\project\unknown-contrastive\result_grouping\_unknown_mixed260710\embeddings\unkda_nv050_ep1.npy,NV 0.50,1783666234698892300,louvain_res6,True,True,False,False,False,True,False,False
0.9375,30,32,1.0,0.0,0.8175,0.8823,0.6729,0.8369,0.3040313720703125,60,32,14,1.875,unkda_nv050,2,0.5,D:\project\unknown-contrastive\result_grouping\_unknown_mixed260710\embeddings\unkda_nv050_ep2.npy,NV 0.50,1783667167025316300,finch_p2,True,True,False,False,False,False,False,False
0.9688,31,32,1.0,0.0,0.8649,0.9032,0.7571,0.8762,0.4508537650108337,47,32,9,1.46875,unkda_nv050,2,0.5,D:\project\unknown-contrastive\result_grouping\_unknown_mixed260710\embeddings\unkda_nv050_ep2.npy,NV 0.50,1783667167025316300,louvain_res6,True,True,False,False,False,True,False,False
0.9375,30,32,1.0,0.0,0.7713,0.8449,0.5916,0.7904,0.284293383359909,60,32,12,1.875,unkda_nv050,3,0.5,D:\project\unknown-contrastive\result_grouping\_unknown_mixed260710\embeddings\unkda_nv050_ep3.npy,NV 0.50,1783668158774145100,finch_p2,True,True,False,False,False,False,False,False
0.9375,30,32,1.0,0.0,0.8226,0.8696,0.7312,0.8348,0.3877561688423157,51,32,10,1.59375,unkda_nv050,3,0.5,D:\project\unknown-contrastive\result_grouping\_unknown_mixed260710\embeddings\unkda_nv050_ep3.npy,NV 0.50,1783668158774145100,louvain_res6,False,True,False,False,False,True,False,False
0.875,28,32,1.0,0.0,0.7819,0.8461,0.6192,0.7979,0.3247511386871338,59,32,11,1.84375,unkda_nv050,4,0.5,D:\project\unknown-contrastive\result_grouping\_unknown_mixed260710\embeddings\unkda_nv050_ep4.npy,NV 0.50,1783669152271859400,finch_p2,False,True,False,False,False,True,False,False
0.9062,29,32,1.0,0.0,0.8193,0.8681,0.722,0.8321,0.3928863704204559,52,32,11,1.625,unkda_nv050,4,0.5,D:\project\unknown-contrastive\result_grouping\_unknown_mixed260710\embeddings\unkda_nv050_ep4.npy,NV 0.50,1783669152271859400,louvain_res6,False,True,False,False,False,True,False,False
0.8125,26,32,1.0,0.0,0.7961,0.8223,0.5872,0.7956,0.3464847803115845,54,32,14,1.6875,unkda_nv050,5,0.5,D:\project\unknown-contrastive\result_grouping\_unknown_mixed260710\embeddings\unkda_nv050_ep5.npy,NV 0.50,1783670146470177000,finch_p2,False,True,False,False,False,True,False,False
0.9062,29,32,1.0,0.0,0.8173,0.8691,0.6936,0.831,0.3793249428272247,54,32,12,1.6875,unkda_nv050,5,0.5,D:\project\unknown-contrastive\result_grouping\_unknown_mixed260710\embeddings\unkda_nv050_ep5.npy,NV 0.50,1783670146470177000,louvain_res6,False,True,False,False,False,True,False,False
0.9688,31,32,1.0,0.0,0.8312,0.8894,0.6742,0.8484,0.3121871650218963,57,32,14,1.78125,unkda_nv050,6,0.5,D:\project\unknown-contrastive\result_grouping\_unknown_mixed260710\embeddings\unkda_nv050_ep6.npy,NV 0.50,1783671140401132000,finch_p2,True,True,True,False,False,True,False,False
0.9688,31,32,1.0,0.0,0.8609,0.9058,0.7718,0.875,0.4160797297954559,49,32,10,1.53125,unkda_nv050,6,0.5,D:\project\unknown-contrastive\result_grouping\_unknown_mixed260710\embeddings\unkda_nv050_ep6.npy,NV 0.50,1783671140401132000,louvain_res6,True,True,False,False,False,True,False,False
0.9688,31,32,1.0,0.0,0.8224,0.8821,0.672,0.8396,0.3254285156726837,58,32,13,1.8125,unkda_nv050,7,0.5,D:\project\unknown-contrastive\result_grouping\_unknown_mixed260710\embeddings\unkda_nv050_ep7.npy,NV 0.50,1783672133129278800,finch_p2,True,True,False,False,False,True,False,False
0.9688,31,32,1.0,0.0,0.8845,0.9125,0.7913,0.892,0.4302479326725006,46,32,9,1.4375,unkda_nv050,7,0.5,D:\project\unknown-contrastive\result_grouping\_unknown_mixed260710\embeddings\unkda_nv050_ep7.npy,NV 0.50,1783672133129278800,louvain_res6,True,True,True,True,True,True,True,True
0.8125,26,32,1.0,0.0,0.7603,0.7914,0.5497,0.7587,0.2704228460788727,53,32,11,1.65625,unkda_nv050,8,0.5,D:\project\unknown-contrastive\result_grouping\_unknown_mixed260710\embeddings\unkda_nv050_ep8.npy,NV 0.50,1783673128197898200,finch_p2,False,True,False,False,False,False,False,False
0.9375,30,32,1.0,0.0,0.7841,0.8293,0.6924,0.7928,0.3938964009284973,47,32,7,1.46875,unkda_nv050,8,0.5,D:\project\unknown-contrastive\result_grouping\_unknown_mixed260710\embeddings\unkda_nv050_ep8.npy,NV 0.50,1783673128197898200,louvain_res6,False,True,False,False,False,True,False,False
0.875,28,32,1.0,0.0,0.7506,0.7932,0.5705,0.7544,0.3123831748962402,52,32,9,1.625,unkda_nv050,9,0.5,D:\project\unknown-contrastive\result_grouping\_unknown_mixed260710\embeddings\unkda_nv050_ep9.npy,NV 0.50,1783674126397887400,finch_p2,False,True,False,False,False,True,False,False
0.9062,29,32,1.0,0.0,0.7842,0.8261,0.6805,0.7911,0.3865893483161926,48,32,9,1.5,unkda_nv050,9,0.5,D:\project\unknown-contrastive\result_grouping\_unknown_mixed260710\embeddings\unkda_nv050_ep9.npy,NV 0.50,1783674126397887400,louvain_res6,False,True,False,False,False,True,False,False
0.875,28,32,1.0,0.0,0.756,0.7824,0.5737,0.7528,0.2885653376579284,51,32,11,1.59375,unkda_nv050,10,0.5,D:\project\unknown-contrastive\result_grouping\_unknown_mixed260710\embeddings\unkda_nv050_ep10.npy,NV 0.50,1783675119911218100,finch_p2,False,True,False,False,False,False,False,False
0.9062,29,32,1.0,0.0,0.7845,0.8238,0.6757,0.7906,0.3831699788570404,46,32,8,1.4375,unkda_nv050,10,0.5,D:\project\unknown-contrastive\result_grouping\_unknown_mixed260710\embeddings\unkda_nv050_ep10.npy,NV 0.50,1783675119911218100,louvain_res6,False,True,False,False,False,True,False,False
0.7812,25,32,1.0,0.0,0.8685,0.8593,0.6325,0.8551,0.3421599864959717,50,32,14,1.5625,unkda_nv050_blend005,6,0.5,D:\project\unknown-contrastive\result_grouping\_unknown_mixed260710\embeddings\unkda_nv050_blend005_ep6.npy,NV 0.50 blend005,1783908374345594000,finch_p2,False,True,True,False,False,True,,False
1.0,32,32,1.0,0.0,0.8641,0.9149,0.7804,0.8809,0.3769819736480713,54,32,12,1.6875,unkda_nv050_blend005,6,0.5,D:\project\unknown-contrastive\result_grouping\_unknown_mixed260710\embeddings\unkda_nv050_blend005_ep6.npy,NV 0.50 blend005,1783908374345594000,louvain_res6,True,True,False,True,False,False,,False
0.8125,26,32,1.0,0.0,0.8552,0.8594,0.6327,0.8478,0.3211376368999481,51,32,14,1.59375,unkda_nv050_blend006,6,0.5,D:\project\unknown-contrastive\result_grouping\_unknown_mixed260710\embeddings\unkda_nv050_blend006_ep6.npy,NV 0.50 blend006,1783909273538646900,finch_p2,False,True,True,False,False,True,,False
0.9375,30,32,1.0,0.0,0.8662,0.9121,0.79,0.8809,0.38460588455200195,53,32,12,1.65625,unkda_nv050_blend006,6,0.5,D:\project\unknown-contrastive\result_grouping\_unknown_mixed260710\embeddings\unkda_nv050_blend006_ep6.npy,NV 0.50 blend006,1783909273538646900,louvain_res6,False,True,False,True,True,True,,False
0.8438,27,32,1.0,0.0,0.8511,0.8632,0.6185,0.8468,0.3003361225128174,54,32,13,1.6875,unkda_nv050_blend007,6,0.5,D:\project\unknown-contrastive\result_grouping\_unknown_mixed260710\embeddings\unkda_nv050_blend007_ep6.npy,NV 0.50 blend007,1783909273602356500,finch_p2,False,True,True,False,False,False,,False
0.9688,31,32,1.0,0.0,0.8552,0.9108,0.7747,0.8736,0.3743554949760437,55,32,12,1.71875,unkda_nv050_blend007,6,0.5,D:\project\unknown-contrastive\result_grouping\_unknown_mixed260710\embeddings\unkda_nv050_blend007_ep6.npy,NV 0.50 blend007,1783909273602356500,louvain_res6,True,True,False,True,False,False,,False
0.8438,27,32,1.0,0.0,0.8596,0.8612,0.6142,0.8507,0.33138740062713623,52,32,12,1.625,unkda_nv050_blend008,6,0.5,D:\project\unknown-contrastive\result_grouping\_unknown_mixed260710\embeddings\unkda_nv050_blend008_ep6.npy,NV 0.50 blend008,1783909273668077800,finch_p2,False,True,True,False,False,True,,False
0.9688,31,32,1.0,0.0,0.8661,0.9113,0.7827,0.8805,0.387958288192749,53,32,12,1.65625,unkda_nv050_blend008,6,0.5,D:\project\unknown-contrastive\result_grouping\_unknown_mixed260710\embeddings\unkda_nv050_blend008_ep6.npy,NV 0.50 blend008,1783909273668077800,louvain_res6,True,True,False,True,False,True,,False
0.9062,29,32,1.0,0.0,0.8554,0.8938,0.6906,0.8651,0.3302881121635437,55,32,12,1.71875,unkda_nv050_blend009,6,0.5,D:\project\unknown-contrastive\result_grouping\_unknown_mixed260710\embeddings\unkda_nv050_blend009_ep6.npy,NV 0.50 blend009,1783909273724828600,finch_p2,False,True,True,True,False,True,,False
0.9688,31,32,1.0,0.0,0.8644,0.9072,0.7729,0.8774,0.3848155438899994,53,32,12,1.65625,unkda_nv050_blend009,6,0.5,D:\project\unknown-contrastive\result_grouping\_unknown_mixed260710\embeddings\unkda_nv050_blend009_ep6.npy,NV 0.50 blend009,1783909273724828600,louvain_res6,True,True,False,False,False,True,,False
0.9375,30,32,1.0,0.0,0.8555,0.8955,0.7077,0.8661,0.3327162563800812,57,32,14,1.78125,unkda_nv050_blend010,6,0.5,D:\project\unknown-contrastive\result_grouping\_unknown_mixed260710\embeddings\unkda_nv050_blend010_ep6.npy,NV 0.50 blend010,1783908374383606500,finch_p2,True,True,True,True,False,True,,False
0.9375,30,32,1.0,0.0,0.8776,0.9154,0.7935,0.8893,0.3982864320278168,52,32,13,1.625,unkda_nv050_blend010,6,0.5,D:\project\unknown-contrastive\result_grouping\_unknown_mixed260710\embeddings\unkda_nv050_blend010_ep6.npy,NV 0.50 blend010,1783908374383606500,louvain_res6,False,True,True,True,True,True,,False
0.875,28,32,1.0,0.0,0.8623,0.8935,0.6815,0.869,0.32004326581954956,55,32,13,1.71875,unkda_nv050_blend011,6,0.5,D:\project\unknown-contrastive\result_grouping\_unknown_mixed260710\embeddings\unkda_nv050_blend011_ep6.npy,NV 0.50 blend011,1783909273785530700,finch_p2,False,True,True,True,False,True,,False
0.9688,31,32,1.0,0.0,0.8691,0.9064,0.7787,0.8799,0.40089425444602966,51,32,12,1.59375,unkda_nv050_blend011,6,0.5,D:\project\unknown-contrastive\result_grouping\_unknown_mixed260710\embeddings\unkda_nv050_blend011_ep6.npy,NV 0.50 blend011,1783909273785530700,louvain_res6,True,True,True,False,False,True,,False
0.9688,31,32,1.0,0.0,0.8484,0.8814,0.6375,0.8545,0.3033139705657959,59,32,14,1.84375,unkda_nv050_blend012,6,0.5,D:\project\unknown-contrastive\result_grouping\_unknown_mixed260710\embeddings\unkda_nv050_blend012_ep6.npy,NV 0.50 blend012,1783909273862829700,finch_p2,True,True,True,False,False,False,,False
1.0,32,32,1.0,0.0,0.8792,0.9135,0.7886,0.8893,0.38841480016708374,51,32,13,1.59375,unkda_nv050_blend012,6,0.5,D:\project\unknown-contrastive\result_grouping\_unknown_mixed260710\embeddings\unkda_nv050_blend012_ep6.npy,NV 0.50 blend012,1783909273862829700,louvain_res6,True,True,True,True,True,True,,True
0.9688,31,32,1.0,0.0,0.8368,0.887,0.6546,0.8505,0.3177768290042877,61,32,14,1.90625,unkda_nv050_blend013,6,0.5,D:\project\unknown-contrastive\result_grouping\_unknown_mixed260710\embeddings\unkda_nv050_blend013_ep6.npy,NV 0.50 blend013,1783909273925134800,finch_p2,True,True,True,False,False,True,,False
0.9375,30,32,1.0,0.0,0.8671,0.9066,0.7802,0.8788,0.3925968408584595,52,32,13,1.625,unkda_nv050_blend013,6,0.5,D:\project\unknown-contrastive\result_grouping\_unknown_mixed260710\embeddings\unkda_nv050_blend013_ep6.npy,NV 0.50 blend013,1783909273925134800,louvain_res6,False,True,False,False,False,True,,False
0.9062,29,32,1.0,0.0,0.8627,0.8894,0.685,0.8671,0.3300158381462097,58,32,15,1.8125,unkda_nv050_blend014,6,0.5,D:\project\unknown-contrastive\result_grouping\_unknown_mixed260710\embeddings\unkda_nv050_blend014_ep6.npy,NV 0.50 blend014,1783909273977295400,finch_p2,False,True,True,False,False,True,,False
1.0,32,32,1.0,0.0,0.8818,0.9217,0.8107,0.8948,0.3939410448074341,51,32,12,1.59375,unkda_nv050_blend014,6,0.5,D:\project\unknown-contrastive\result_grouping\_unknown_mixed260710\embeddings\unkda_nv050_blend014_ep6.npy,NV 0.50 blend014,1783909273977295400,louvain_res6,True,True,True,True,True,True,,True
0.9062,29,32,1.0,0.0,0.8626,0.8773,0.6547,0.8609,0.3394986689090729,56,32,14,1.75,unkda_nv050_blend015,6,0.5,D:\project\unknown-contrastive\result_grouping\_unknown_mixed260710\embeddings\unkda_nv050_blend015_ep6.npy,NV 0.50 blend015,1783909274033000300,finch_p2,False,True,True,False,False,True,,False
0.9375,30,32,1.0,0.0,0.8756,0.9131,0.7866,0.887,0.39489367604255676,52,32,12,1.625,unkda_nv050_blend015,6,0.5,D:\project\unknown-contrastive\result_grouping\_unknown_mixed260710\embeddings\unkda_nv050_blend015_ep6.npy,NV 0.50 blend015,1783909274033000300,louvain_res6,False,True,True,True,True,True,,False
0.9375,30,32,1.0,0.0,0.853,0.8925,0.6872,0.8631,0.3221001327037811,55,32,13,1.71875,unkda_nv050_blend020,6,0.5,D:\project\unknown-contrastive\result_grouping\_unknown_mixed260710\embeddings\unkda_nv050_blend020_ep6.npy,NV 0.50 blend020,1783908374422115600,finch_p2,True,True,True,True,False,True,,False
0.9375,30,32,1.0,0.0,0.8835,0.9184,0.8104,0.8942,0.395640105009079,50,32,12,1.5625,unkda_nv050_blend020,6,0.5,D:\project\unknown-contrastive\result_grouping\_unknown_mixed260710\embeddings\unkda_nv050_blend020_ep6.npy,NV 0.50 blend020,1783908374422115600,louvain_res6,False,True,True,True,True,True,,False
0.9375,30,32,1.0,0.0,0.8476,0.8929,0.6979,0.8602,0.3289273679256439,53,32,10,1.65625,unkda_nv050_blend030,6,0.5,D:\project\unknown-contrastive\result_grouping\_unknown_mixed260710\embeddings\unkda_nv050_blend030_ep6.npy,NV 0.50 blend030,1783908374460173400,finch_p2,True,True,True,True,False,True,,False
0.9062,29,32,1.0,0.0,0.8885,0.923,0.8112,0.8993,0.4010486602783203,50,32,11,1.5625,unkda_nv050_blend030,6,0.5,D:\project\unknown-contrastive\result_grouping\_unknown_mixed260710\embeddings\unkda_nv050_blend030_ep6.npy,NV 0.50 blend030,1783908374460173400,louvain_res6,False,True,True,True,True,True,,False
0.8438,27,32,1.0,0.0,0.8784,0.8968,0.7089,0.8802,0.3452711999416351,50,32,11,1.5625,unkda_nv050_blend050,6,0.5,D:\project\unknown-contrastive\result_grouping\_unknown_mixed260710\embeddings\unkda_nv050_blend050_ep6.npy,NV 0.50 blend050,1783908374502140500,finch_p2,False,True,True,True,False,True,,False
0.9375,30,32,1.0,0.0,0.8888,0.9152,0.7968,0.8957,0.4185638725757599,49,32,11,1.53125,unkda_nv050_blend050,6,0.5,D:\project\unknown-contrastive\result_grouping\_unknown_mixed260710\embeddings\unkda_nv050_blend050_ep6.npy,NV 0.50 blend050,1783908374502140500,louvain_res6,False,True,True,True,True,True,,False
0.9375,30,32,1.0,0.0,0.8217,0.9052,0.6804,0.8498,0.3176442086696625,62,32,13,1.9375,unkda_nv050_blend070,6,0.5,D:\project\unknown-contrastive\result_grouping\_unknown_mixed260710\embeddings\unkda_nv050_blend070_ep6.npy,NV 0.50 blend070,1783908374559884000,finch_p2,True,True,False,True,False,True,,False
1.0,32,32,1.0,0.0,0.9056,0.9297,0.8234,0.9125,0.4239480495452881,48,32,12,1.5,unkda_nv050_blend070,6,0.5,D:\project\unknown-contrastive\result_grouping\_unknown_mixed260710\embeddings\unkda_nv050_blend070_ep6.npy,NV 0.50 blend070,1783908374559884000,louvain_res6,True,True,True,True,True,True,,True
0.9062,29,32,1.0,0.0,0.8387,0.9062,0.6723,0.8609,0.30598053336143494,62,32,15,1.9375,unkda_nv050_blend080,6,0.5,D:\project\unknown-contrastive\result_grouping\_unknown_mixed260710\embeddings\unkda_nv050_blend080_ep6.npy,NV 0.50 blend080,1783909274095754000,finch_p2,False,True,True,True,False,True,,False
0.9688,31,32,1.0,0.0,0.8855,0.9278,0.8132,0.9,0.4215258061885834,51,32,11,1.59375,unkda_nv050_blend080,6,0.5,D:\project\unknown-contrastive\result_grouping\_unknown_mixed260710\embeddings\unkda_nv050_blend080_ep6.npy,NV 0.50 blend080,1783909274095754000,louvain_res6,True,True,True,True,True,True,,True
0.9375,30,32,1.0,0.0,0.8426,0.9249,0.7218,0.8724,0.30640485882759094,61,32,13,1.90625,unkda_nv050_blend082,6,0.5,D:\project\unknown-contrastive\result_grouping\_unknown_mixed260710\embeddings\unkda_nv050_blend082_ep6.npy,NV 0.50 blend082,1783909274158003200,finch_p2,True,True,True,True,True,True,,True
0.9688,31,32,1.0,0.0,0.8898,0.9271,0.8156,0.9022,0.41320353746414185,50,32,12,1.5625,unkda_nv050_blend082,6,0.5,D:\project\unknown-contrastive\result_grouping\_unknown_mixed260710\embeddings\unkda_nv050_blend082_ep6.npy,NV 0.50 blend082,1783909274158003200,louvain_res6,True,True,True,True,True,True,,True
0.9062,29,32,1.0,0.0,0.8624,0.9067,0.7326,0.876,0.3405469059944153,53,32,13,1.65625,unkda_nv050_blend084,6,0.5,D:\project\unknown-contrastive\result_grouping\_unknown_mixed260710\embeddings\unkda_nv050_blend084_ep6.npy,NV 0.50 blend084,1783909274210675200,finch_p2,False,True,True,True,True,True,,False
1.0,32,32,1.0,0.0,0.8985,0.9266,0.8231,0.907,0.4329833984375,48,32,11,1.5,unkda_nv050_blend084,6,0.5,D:\project\unknown-contrastive\result_grouping\_unknown_mixed260710\embeddings\unkda_nv050_blend084_ep6.npy,NV 0.50 blend084,1783909274210675200,louvain_res6,True,True,True,True,True,True,,True
0.9375,30,32,1.0,0.0,0.8588,0.9024,0.739,0.8718,0.34785228967666626,51,32,11,1.59375,unkda_nv050_blend086,6,0.5,D:\project\unknown-contrastive\result_grouping\_unknown_mixed260710\embeddings\unkda_nv050_blend086_ep6.npy,NV 0.50 blend086,1783909274258883700,finch_p2,True,True,True,True,True,True,,True
0.9688,31,32,1.0,0.0,0.901,0.9239,0.831,0.9071,0.42912757396698,47,32,11,1.46875,unkda_nv050_blend086,6,0.5,D:\project\unknown-contrastive\result_grouping\_unknown_mixed260710\embeddings\unkda_nv050_blend086_ep6.npy,NV 0.50 blend086,1783909274258883700,louvain_res6,True,True,True,True,True,True,,True
0.9062,29,32,1.0,0.0,0.8671,0.8975,0.7335,0.8744,0.3557332158088684,48,32,10,1.5,unkda_nv050_blend088,6,0.5,D:\project\unknown-contrastive\result_grouping\_unknown_mixed260710\embeddings\unkda_nv050_blend088_ep6.npy,NV 0.50 blend088,1783909274317581200,finch_p2,False,True,True,True,True,True,,False
0.9375,30,32,1.0,0.0,0.8812,0.918,0.7899,0.8927,0.41752180457115173,51,32,13,1.59375,unkda_nv050_blend088,6,0.5,D:\project\unknown-contrastive\result_grouping\_unknown_mixed260710\embeddings\unkda_nv050_blend088_ep6.npy,NV 0.50 blend088,1783909274317581200,louvain_res6,False,True,True,True,True,True,,False
0.9062,29,32,1.0,0.0,0.867,0.902,0.7339,0.8767,0.3769763112068176,48,32,11,1.5,unkda_nv050_blend090,6,0.5,D:\project\unknown-contrastive\result_grouping\_unknown_mixed260710\embeddings\unkda_nv050_blend090_ep6.npy,NV 0.50 blend090,1783908374602525000,finch_p2,False,True,True,True,True,True,,False
0.9688,31,32,1.0,0.0,0.8791,0.9251,0.8028,0.895,0.4209764301776886,52,32,12,1.625,unkda_nv050_blend090,6,0.5,D:\project\unknown-contrastive\result_grouping\_unknown_mixed260710\embeddings\unkda_nv050_blend090_ep6.npy,NV 0.50 blend090,1783908374602525000,louvain_res6,True,True,True,True,True,True,,True
0.875,28,32,1.0,0.0,0.8546,0.8901,0.6911,0.8633,0.35199061036109924,49,32,12,1.53125,unkda_nv050_blend092,6,0.5,D:\project\unknown-contrastive\result_grouping\_unknown_mixed260710\embeddings\unkda_nv050_blend092_ep6.npy,NV 0.50 blend092,1783909274373769400,finch_p2,False,True,True,False,False,True,,False
1.0,32,32,1.0,0.0,0.8818,0.9247,0.7941,0.8964,0.4081183075904846,51,32,11,1.59375,unkda_nv050_blend092,6,0.5,D:\project\unknown-contrastive\result_grouping\_unknown_mixed260710\embeddings\unkda_nv050_blend092_ep6.npy,NV 0.50 blend092,1783909274373769400,louvain_res6,True,True,True,True,True,True,,True
0.9062,29,32,1.0,0.0,0.8426,0.8935,0.6879,0.8577,0.3379390835762024,54,32,12,1.6875,unkda_nv050_blend094,6,0.5,D:\project\unknown-contrastive\result_grouping\_unknown_mixed260710\embeddings\unkda_nv050_blend094_ep6.npy,NV 0.50 blend094,1783909274456585300,finch_p2,False,True,True,True,False,True,,False
0.9688,31,32,1.0,0.0,0.8845,0.9258,0.8024,0.8984,0.42026999592781067,49,32,11,1.53125,unkda_nv050_blend094,6,0.5,D:\project\unknown-contrastive\result_grouping\_unknown_mixed260710\embeddings\unkda_nv050_blend094_ep6.npy,NV 0.50 blend094,1783909274456585300,louvain_res6,True,True,True,True,True,True,,True
0.9375,30,32,1.0,0.0,0.8505,0.8997,0.6858,0.8653,0.35102617740631104,53,32,11,1.65625,unkda_nv050_blend096,6,0.5,D:\project\unknown-contrastive\result_grouping\_unknown_mixed260710\embeddings\unkda_nv050_blend096_ep6.npy,NV 0.50 blend096,1783909274502742400,finch_p2,True,True,True,True,False,True,,False
1.0,32,32,1.0,0.0,0.8744,0.9208,0.7954,0.8902,0.4220868945121765,50,32,11,1.5625,unkda_nv050_blend096,6,0.5,D:\project\unknown-contrastive\result_grouping\_unknown_mixed260710\embeddings\unkda_nv050_blend096_ep6.npy,NV 0.50 blend096,1783909274502742400,louvain_res6,True,True,True,True,True,True,,True
0.9688,31,32,1.0,0.0,0.8256,0.8951,0.6671,0.8477,0.33441099524497986,60,32,14,1.875,unkda_nv050_blend098,6,0.5,D:\project\unknown-contrastive\result_grouping\_unknown_mixed260710\embeddings\unkda_nv050_blend098_ep6.npy,NV 0.50 blend098,1783909274553414600,finch_p2,True,True,False,True,False,True,,False
0.9375,30,32,1.0,0.0,0.8818,0.9194,0.7904,0.8938,0.4194030165672302,48,32,10,1.5,unkda_nv050_blend098,6,0.5,D:\project\unknown-contrastive\result_grouping\_unknown_mixed260710\embeddings\unkda_nv050_blend098_ep6.npy,NV 0.50 blend098,1783909274553414600,louvain_res6,False,True,True,True,True,True,,False
0.875,28,32,1.0,0.0,0.7942,0.8434,0.6279,0.8045,0.3155915439128876,53,32,10,1.65625,unkda_nv060,1,0.6,D:\project\unknown-contrastive\result_grouping\_unknown_mixed260710\embeddings\unkda_nv060_ep1.npy,NV 0.60,1783676526059224100,finch_p2,False,True,False,False,False,True,False,False
0.9375,30,32,1.0,0.0,0.8311,0.882,0.7444,0.8456,0.3856532573699951,50,32,11,1.5625,unkda_nv060,1,0.6,D:\project\unknown-contrastive\result_grouping\_unknown_mixed260710\embeddings\unkda_nv060_ep1.npy,NV 0.60,1783676526059224100,louvain_res6,False,True,False,False,False,True,False,False
0.9062,29,32,1.0,0.0,0.7154,0.789,0.5004,0.7298,0.2956544160842895,58,32,11,1.8125,unkda_nv060,2,0.6,D:\project\unknown-contrastive\result_grouping\_unknown_mixed260710\embeddings\unkda_nv060_ep2.npy,NV 0.60,1783677524985651500,finch_p2,False,True,False,False,False,False,False,False
0.9375,30,32,1.0,0.0,0.7457,0.7974,0.6008,0.7537,0.3583242297172546,50,32,11,1.5625,unkda_nv060,2,0.6,D:\project\unknown-contrastive\result_grouping\_unknown_mixed260710\embeddings\unkda_nv060_ep2.npy,NV 0.60,1783677524985651500,louvain_res6,False,True,False,False,False,False,False,False
0.8438,27,32,1.0,0.0,0.7153,0.7915,0.4995,0.7295,0.2486747056245803,58,32,8,1.8125,unkda_nv060,3,0.6,D:\project\unknown-contrastive\result_grouping\_unknown_mixed260710\embeddings\unkda_nv060_ep3.npy,NV 0.60,1783678523021959000,finch_p2,False,True,False,False,False,False,False,False
0.9375,30,32,1.0,0.0,0.7407,0.8052,0.5982,0.7535,0.3364428877830505,54,32,11,1.6875,unkda_nv060,3,0.6,D:\project\unknown-contrastive\result_grouping\_unknown_mixed260710\embeddings\unkda_nv060_ep3.npy,NV 0.60,1783678523021959000,louvain_res6,False,True,False,False,False,False,False,False
0.875,28,32,1.0,0.0,0.7421,0.7802,0.5164,0.7431,0.2590457797050476,50,32,11,1.5625,unkda_nv060,4,0.6,D:\project\unknown-contrastive\result_grouping\_unknown_mixed260710\embeddings\unkda_nv060_ep4.npy,NV 0.60,1783679522257399500,finch_p2,False,True,False,False,False,False,False,False
0.9688,31,32,1.0,0.0,0.7756,0.8301,0.6544,0.7875,0.3609534204006195,49,32,9,1.53125,unkda_nv060,4,0.6,D:\project\unknown-contrastive\result_grouping\_unknown_mixed260710\embeddings\unkda_nv060_ep4.npy,NV 0.60,1783679522257399500,louvain_res6,True,True,False,False,False,False,False,False
0.875,28,32,1.0,0.0,0.7463,0.8104,0.5358,0.7584,0.2690801322460174,55,32,10,1.71875,unkda_nv060,5,0.6,D:\project\unknown-contrastive\result_grouping\_unknown_mixed260710\embeddings\unkda_nv060_ep5.npy,NV 0.60,1783680522051346800,finch_p2,False,True,False,False,False,False,False,False
0.875,28,32,1.0,0.0,0.7667,0.823,0.6254,0.7787,0.3234691023826599,49,32,10,1.53125,unkda_nv060,5,0.6,D:\project\unknown-contrastive\result_grouping\_unknown_mixed260710\embeddings\unkda_nv060_ep5.npy,NV 0.60,1783680522051346800,louvain_res6,False,True,False,False,False,False,False,False
0.875,28,32,1.0,0.0,0.7142,0.7908,0.5178,0.7287,0.2763129472732544,58,32,11,1.8125,unkda_nv060,6,0.6,D:\project\unknown-contrastive\result_grouping\_unknown_mixed260710\embeddings\unkda_nv060_ep6.npy,NV 0.60,1783681520129756600,finch_p2,False,True,False,False,False,False,False,False
0.9375,30,32,1.0,0.0,0.7462,0.812,0.6121,0.7602,0.3315512537956238,53,32,12,1.65625,unkda_nv060,6,0.6,D:\project\unknown-contrastive\result_grouping\_unknown_mixed260710\embeddings\unkda_nv060_ep6.npy,NV 0.60,1783681520129756600,louvain_res6,False,True,False,False,False,False,False,False
1.0,32,32,1.0,0.0,0.7426,0.8163,0.5643,0.7597,0.3415529727935791,53,32,6,1.65625,unkda_nv060,7,0.6,D:\project\unknown-contrastive\result_grouping\_unknown_mixed260710\embeddings\unkda_nv060_ep7.npy,NV 0.60,1783682516377517000,finch_p2,True,True,False,False,False,True,False,False
0.9062,29,32,1.0,0.0,0.7595,0.8245,0.6078,0.7744,0.3733114302158355,52,32,9,1.625,unkda_nv060,7,0.6,D:\project\unknown-contrastive\result_grouping\_unknown_mixed260710\embeddings\unkda_nv060_ep7.npy,NV 0.60,1783682516377517000,louvain_res6,False,True,False,False,False,False,False,False
0.9062,29,32,1.0,0.0,0.7509,0.829,0.5658,0.7691,0.2846476137638092,60,32,13,1.875,unkda_nv060,8,0.6,D:\project\unknown-contrastive\result_grouping\_unknown_mixed260710\embeddings\unkda_nv060_ep8.npy,NV 0.60,1783683512879277300,finch_p2,False,True,False,False,False,False,False,False
0.9375,30,32,1.0,0.0,0.798,0.8516,0.6536,0.8114,0.408547580242157,49,32,10,1.53125,unkda_nv060,8,0.6,D:\project\unknown-contrastive\result_grouping\_unknown_mixed260710\embeddings\unkda_nv060_ep8.npy,NV 0.60,1783683512879277300,louvain_res6,False,True,False,False,False,True,False,False
0.7812,25,32,1.0,0.0,0.7422,0.7934,0.5611,0.7489,0.2887949049472809,52,32,10,1.625,unkda_nv060,9,0.6,D:\project\unknown-contrastive\result_grouping\_unknown_mixed260710\embeddings\unkda_nv060_ep9.npy,NV 0.60,1783684510559901000,finch_p2,False,True,False,False,False,False,False,False
0.9062,29,32,1.0,0.0,0.7575,0.8208,0.6387,0.7716,0.4000506997108459,53,32,11,1.65625,unkda_nv060,9,0.6,D:\project\unknown-contrastive\result_grouping\_unknown_mixed260710\embeddings\unkda_nv060_ep9.npy,NV 0.60,1783684510559901000,louvain_res6,False,True,False,False,False,True,False,False
0.875,28,32,1.0,0.0,0.7492,0.8146,0.5725,0.7626,0.3451867699623108,60,32,14,1.875,unkda_nv060,10,0.6,D:\project\unknown-contrastive\result_grouping\_unknown_mixed260710\embeddings\unkda_nv060_ep10.npy,NV 0.60,1783685505346587600,finch_p2,False,True,False,False,False,True,False,False
0.875,28,32,1.0,0.0,0.7756,0.8415,0.644,0.7924,0.438509464263916,55,32,11,1.71875,unkda_nv060,10,0.6,D:\project\unknown-contrastive\result_grouping\_unknown_mixed260710\embeddings\unkda_nv060_ep10.npy,NV 0.60,1783685505346587600,louvain_res6,False,True,False,False,False,True,False,False
0.8438,27,32,1.0,0.0,0.8271,0.883,0.6504,0.8429,0.3350230753421783,54,32,12,1.6875,unkda_nv070,1,0.7,D:\project\unknown-contrastive\result_grouping\_unknown_mixed260710\embeddings\unkda_nv070_ep1.npy,NV 0.70,1783686909459340200,finch_p2,False,True,False,False,False,True,False,False
0.9688,31,32,1.0,0.0,0.8557,0.9048,0.7593,0.8713,0.4066188931465149,51,32,12,1.59375,unkda_nv070,1,0.7,D:\project\unknown-contrastive\result_grouping\_unknown_mixed260710\embeddings\unkda_nv070_ep1.npy,NV 0.70,1783686909459340200,louvain_res6,True,True,False,False,False,True,False,False
0.9688,31,32,1.0,0.0,0.8271,0.9072,0.6462,0.8538,0.3308462798595428,61,32,13,1.90625,unkda_nv070,2,0.7,D:\project\unknown-contrastive\result_grouping\_unknown_mixed260710\embeddings\unkda_nv070_ep2.npy,NV 0.70,1783687900439370400,finch_p2,True,True,False,True,False,True,False,False
0.9688,31,32,1.0,0.0,0.8626,0.9237,0.7489,0.8841,0.4479325711727142,53,32,12,1.65625,unkda_nv070,2,0.7,D:\project\unknown-contrastive\result_grouping\_unknown_mixed260710\embeddings\unkda_nv070_ep2.npy,NV 0.70,1783687900439370400,louvain_res6,True,True,False,True,False,True,False,False
0.9688,31,32,1.0,0.0,0.7829,0.8852,0.6077,0.815,0.2425597608089447,68,32,14,2.125,unkda_nv070,3,0.7,D:\project\unknown-contrastive\result_grouping\_unknown_mixed260710\embeddings\unkda_nv070_ep3.npy,NV 0.70,1783688874469924900,finch_p2,True,True,False,False,False,False,False,False
0.9062,29,32,1.0,0.0,0.8447,0.888,0.7041,0.8565,0.3470073640346527,50,32,10,1.5625,unkda_nv070,3,0.7,D:\project\unknown-contrastive\result_grouping\_unknown_mixed260710\embeddings\unkda_nv070_ep3.npy,NV 0.70,1783688874469924900,louvain_res6,False,True,False,False,False,False,False,False
0.9062,29,32,1.0,0.0,0.7449,0.8294,0.5473,0.7658,0.2836530208587646,59,32,10,1.84375,unkda_nv070,4,0.7,D:\project\unknown-contrastive\result_grouping\_unknown_mixed260710\embeddings\unkda_nv070_ep4.npy,NV 0.70,1783689852220379000,finch_p2,False,True,False,False,False,False,False,False
1.0,32,32,1.0,0.0,0.7837,0.8447,0.6468,0.7987,0.3459204137325287,52,32,12,1.625,unkda_nv070,4,0.7,D:\project\unknown-contrastive\result_grouping\_unknown_mixed260710\embeddings\unkda_nv070_ep4.npy,NV 0.70,1783689852220379000,louvain_res6,True,True,False,False,False,False,False,False
0.9062,29,32,1.0,0.0,0.7495,0.8293,0.5276,0.7677,0.2498342990875244,63,32,12,1.96875,unkda_nv070,5,0.7,D:\project\unknown-contrastive\result_grouping\_unknown_mixed260710\embeddings\unkda_nv070_ep5.npy,NV 0.70,1783690827686359100,finch_p2,False,True,False,False,False,False,False,False
0.8438,27,32,1.0,0.0,0.7942,0.839,0.6547,0.803,0.3787287175655365,47,32,8,1.46875,unkda_nv070,5,0.7,D:\project\unknown-contrastive\result_grouping\_unknown_mixed260710\embeddings\unkda_nv070_ep5.npy,NV 0.70,1783690827686359100,louvain_res6,False,True,False,False,False,True,False,False
0.8125,26,32,1.0,0.0,0.7354,0.8028,0.5184,0.7478,0.2660542130470276,58,32,11,1.8125,unkda_nv070,6,0.7,D:\project\unknown-contrastive\result_grouping\_unknown_mixed260710\embeddings\unkda_nv070_ep6.npy,NV 0.70,1783691802520266500,finch_p2,False,True,False,False,False,False,False,False
0.9375,30,32,1.0,0.0,0.7975,0.8372,0.6339,0.8042,0.3906140029430389,45,32,7,1.40625,unkda_nv070,6,0.7,D:\project\unknown-contrastive\result_grouping\_unknown_mixed260710\embeddings\unkda_nv070_ep6.npy,NV 0.70,1783691802520266500,louvain_res6,False,True,False,False,False,True,False,False
0.9375,30,32,1.0,0.0,0.75,0.8341,0.5531,0.7705,0.2686085104942322,61,32,10,1.90625,unkda_nv070,7,0.7,D:\project\unknown-contrastive\result_grouping\_unknown_mixed260710\embeddings\unkda_nv070_ep7.npy,NV 0.70,1783692777506258000,finch_p2,True,True,False,False,False,False,False,False
0.875,28,32,1.0,0.0,0.7788,0.8424,0.6104,0.7948,0.3744356632232666,51,32,9,1.59375,unkda_nv070,7,0.7,D:\project\unknown-contrastive\result_grouping\_unknown_mixed260710\embeddings\unkda_nv070_ep7.npy,NV 0.70,1783692777506258000,louvain_res6,False,True,False,False,False,False,False,False
0.9688,31,32,1.0,0.0,0.6855,0.7965,0.4868,0.7097,0.2481343448162078,68,32,11,2.125,unkda_nv070,8,0.7,D:\project\unknown-contrastive\result_grouping\_unknown_mixed260710\embeddings\unkda_nv070_ep8.npy,NV 0.70,1783693774324320600,finch_p2,True,True,False,False,False,False,False,False
0.875,28,32,1.0,0.0,0.7504,0.8192,0.5768,0.766,0.3546539843082428,54,32,9,1.6875,unkda_nv070,8,0.7,D:\project\unknown-contrastive\result_grouping\_unknown_mixed260710\embeddings\unkda_nv070_ep8.npy,NV 0.70,1783693774324320600,louvain_res6,False,True,False,False,False,False,False,False
0.9062,29,32,1.0,0.0,0.7012,0.7756,0.4766,0.7124,0.28631791472435,61,32,11,1.90625,unkda_nv070,9,0.7,D:\project\unknown-contrastive\result_grouping\_unknown_mixed260710\embeddings\unkda_nv070_ep9.npy,NV 0.70,1783694775462815400,finch_p2,False,True,False,False,False,False,False,False
0.8125,26,32,1.0,0.0,0.7031,0.7869,0.5023,0.7202,0.368075281381607,58,32,9,1.8125,unkda_nv070,9,0.7,D:\project\unknown-contrastive\result_grouping\_unknown_mixed260710\embeddings\unkda_nv070_ep9.npy,NV 0.70,1783694775462815400,louvain_res6,False,True,False,False,False,False,False,False
0.7188,23,32,1.0,0.0,0.681,0.7489,0.4511,0.6882,0.2579919099807739,60,32,8,1.875,unkda_nv070,10,0.7,D:\project\unknown-contrastive\result_grouping\_unknown_mixed260710\embeddings\unkda_nv070_ep10.npy,NV 0.70,1783695772353947500,finch_p2,False,True,False,False,False,False,False,False
0.9062,29,32,1.0,0.0,0.6655,0.7625,0.4491,0.6828,0.3596979975700378,65,32,9,2.03125,unkda_nv070,10,0.7,D:\project\unknown-contrastive\result_grouping\_unknown_mixed260710\embeddings\unkda_nv070_ep10.npy,NV 0.70,1783695772353947500,louvain_res6,False,True,False,False,False,False,False,False
0.9062,29,32,1.0,0.0,0.8014,0.8684,0.6383,0.8202,0.2486494332551956,58,32,14,1.8125,unkda_nv075,1,0.75,D:\project\unknown-contrastive\result_grouping\_unknown_mixed260710\embeddings\unkda_nv075_ep1.npy,NV 0.75,1783749041432537000,finch_p2,False,True,False,False,False,False,False,False
0.9375,30,32,1.0,0.0,0.8368,0.8834,0.7378,0.8498,0.4064592123031616,49,32,10,1.53125,unkda_nv075,1,0.75,D:\project\unknown-contrastive\result_grouping\_unknown_mixed260710\embeddings\unkda_nv075_ep1.npy,NV 0.75,1783749041432537000,louvain_res6,False,True,False,False,False,True,False,False
0.8438,27,32,1.0,0.0,0.7803,0.7969,0.5418,0.7739,0.2822012901306152,50,32,13,1.5625,unkda_nv090,1,0.9,D:\project\unknown-contrastive\result_grouping\_unknown_mixed260710\embeddings\unkda_nv090_ep1.npy,NV 0.90,1783655667063112900,finch_p2,False,True,False,False,False,False,False,False
0.9375,30,32,1.0,0.0,0.8078,0.855,0.6747,0.8185,0.3266451954841614,53,32,12,1.65625,unkda_nv090,1,0.9,D:\project\unknown-contrastive\result_grouping\_unknown_mixed260710\embeddings\unkda_nv090_ep1.npy,NV 0.90,1783655667063112900,louvain_res6,False,True,False,False,False,False,False,False
0.8438,27,32,1.0,0.0,0.7566,0.7791,0.5202,0.7513,0.1942408233880996,50,32,11,1.5625,unkda_nv090,2,0.9,D:\project\unknown-contrastive\result_grouping\_unknown_mixed260710\embeddings\unkda_nv090_ep2.npy,NV 0.90,1783656639587576000,finch_p2,False,True,False,False,False,False,False,False
0.8438,27,32,1.0,0.0,0.7576,0.8161,0.6231,0.7695,0.3205631673336029,54,32,12,1.6875,unkda_nv090,2,0.9,D:\project\unknown-contrastive\result_grouping\_unknown_mixed260710\embeddings\unkda_nv090_ep2.npy,NV 0.90,1783656639587576000,louvain_res6,False,True,False,False,False,False,False,False
0.7188,23,32,1.0,0.0,0.7242,0.7519,0.4555,0.7187,0.2614719271659851,49,32,8,1.53125,unkda_nv090,3,0.9,D:\project\unknown-contrastive\result_grouping\_unknown_mixed260710\embeddings\unkda_nv090_ep3.npy,NV 0.90,1783657619139867200,finch_p2,False,True,False,False,False,False,False,False
0.9062,29,32,1.0,0.0,0.7094,0.7931,0.5503,0.7268,0.2997689545154571,61,32,10,1.90625,unkda_nv090,3,0.9,D:\project\unknown-contrastive\result_grouping\_unknown_mixed260710\embeddings\unkda_nv090_ep3.npy,NV 0.90,1783657619139867200,louvain_res6,False,True,False,False,False,False,False,False
0.8438,27,32,1.0,0.0,0.6941,0.7298,0.4829,0.6903,0.2100269198417663,52,32,9,1.625,unkda_nv090,4,0.9,D:\project\unknown-contrastive\result_grouping\_unknown_mixed260710\embeddings\unkda_nv090_ep4.npy,NV 0.90,1783658593991241700,finch_p2,False,True,False,False,False,False,False,False
0.875,28,32,1.0,0.0,0.6866,0.7623,0.5452,0.6991,0.2703962922096252,57,32,8,1.78125,unkda_nv090,4,0.9,D:\project\unknown-contrastive\result_grouping\_unknown_mixed260710\embeddings\unkda_nv090_ep4.npy,NV 0.90,1783658593991241700,louvain_res6,False,True,False,False,False,False,False,False
0.75,24,32,1.0,0.0,0.6787,0.7176,0.4316,0.6745,0.2323255985975265,50,32,8,1.5625,unkda_nv090,5,0.9,D:\project\unknown-contrastive\result_grouping\_unknown_mixed260710\embeddings\unkda_nv090_ep5.npy,NV 0.90,1783659571147112600,finch_p2,False,True,False,False,False,False,False,False
0.7812,25,32,1.0,0.0,0.6568,0.7371,0.4571,0.6674,0.2873916923999786,58,32,10,1.8125,unkda_nv090,5,0.9,D:\project\unknown-contrastive\result_grouping\_unknown_mixed260710\embeddings\unkda_nv090_ep5.npy,NV 0.90,1783659571147112600,louvain_res6,False,True,False,False,False,False,False,False
0.75,24,32,1.0,0.0,0.7342,0.7131,0.4347,0.7066,0.1979680061340332,39,32,5,1.21875,unkda_nv090,6,0.9,D:\project\unknown-contrastive\result_grouping\_unknown_mixed260710\embeddings\unkda_nv090_ep6.npy,NV 0.90,1783660630201700100,finch_p2,False,True,False,False,False,False,False,False
0.8125,26,32,1.0,0.0,0.6681,0.7465,0.5005,0.6798,0.2780252993106842,56,32,9,1.75,unkda_nv090,6,0.9,D:\project\unknown-contrastive\result_grouping\_unknown_mixed260710\embeddings\unkda_nv090_ep6.npy,NV 0.90,1783660630201700100,louvain_res6,False,True,False,False,False,False,False,False
0.8438,27,32,1.0,0.0,0.7281,0.7438,0.4814,0.7177,0.2540974915027618,45,32,6,1.40625,unkda_nv090,7,0.9,D:\project\unknown-contrastive\result_grouping\_unknown_mixed260710\embeddings\unkda_nv090_ep7.npy,NV 0.90,1783662024269227700,finch_p2,False,True,False,False,False,False,False,False
0.8438,27,32,1.0,0.0,0.6768,0.7504,0.5022,0.6883,0.2865077257156372,53,32,7,1.65625,unkda_nv090,7,0.9,D:\project\unknown-contrastive\result_grouping\_unknown_mixed260710\embeddings\unkda_nv090_ep7.npy,NV 0.90,1783662024269227700,louvain_res6,False,True,False,False,False,False,False,False
0.7188,23,32,1.0,0.0,0.7168,0.7195,0.3875,0.6969,0.2026011347770691,48,32,6,1.5,unkda_nv090,8,0.9,D:\project\unknown-contrastive\result_grouping\_unknown_mixed260710\embeddings\unkda_nv090_ep8.npy,NV 0.90,1783662995247617900,finch_p2,False,True,False,False,False,False,False,False
0.875,28,32,1.0,0.0,0.6665,0.7524,0.4842,0.6807,0.2629818916320801,58,32,9,1.8125,unkda_nv090,8,0.9,D:\project\unknown-contrastive\result_grouping\_unknown_mixed260710\embeddings\unkda_nv090_ep8.npy,NV 0.90,1783662995247617900,louvain_res6,False,True,False,False,False,False,False,False
0.75,24,32,1.0,0.0,0.7649,0.7779,0.5111,0.7559,0.2224792689085006,47,32,8,1.46875,unkda_nv090,9,0.9,D:\project\unknown-contrastive\result_grouping\_unknown_mixed260710\embeddings\unkda_nv090_ep9.npy,NV 0.90,1783663937672531600,finch_p2,False,True,False,False,False,False,False,False
0.8438,27,32,1.0,0.0,0.7472,0.8065,0.5763,0.7591,0.2874148786067962,48,32,6,1.5,unkda_nv090,9,0.9,D:\project\unknown-contrastive\result_grouping\_unknown_mixed260710\embeddings\unkda_nv090_ep9.npy,NV 0.90,1783663937672531600,louvain_res6,False,True,False,False,False,False,False,False
0.75,24,32,1.0,0.0,0.6542,0.7057,0.376,0.6515,0.2077273428440094,58,32,9,1.8125,unkda_nv090,10,0.9,D:\project\unknown-contrastive\result_grouping\_unknown_mixed260710\embeddings\unkda_nv090_ep10.npy,NV 0.90,1783664878573906700,finch_p2,False,True,False,False,False,False,False,False
0.875,28,32,1.0,0.0,0.6324,0.7168,0.4295,0.6421,0.2602135241031647,59,32,9,1.84375,unkda_nv090,10,0.9,D:\project\unknown-contrastive\result_grouping\_unknown_mixed260710\embeddings\unkda_nv090_ep10.npy,NV 0.90,1783664878573906700,louvain_res6,False,True,False,False,False,False,False,False
