pca,whiten,mcs,ms,method,n_clusters,noise_pct,ARI_core,ARI_reassign,NMI,top1,k5
0,0,10,3,eom,2,4.67,0.0003,0.0013,0.015,0.9387,0.9143
0,0,10,5,eom,2,5.87,0.0004,0.0021,0.0152,0.9387,0.9143
0,0,10,10,eom,2,77.53,0.8226,0.2866,0.7766,0.9387,0.9143
0,0,10,15,eom,2,77.8,0.8029,0.2866,0.7569,0.9387,0.9143
0,0,15,3,eom,2,45.2,0.0289,0.1754,0.0629,0.9387,0.9143
0,0,15,5,eom,2,75.6,0.8635,0.2874,0.7962,0.9387,0.9143
0,0,15,10,eom,2,77.53,0.8226,0.2866,0.7766,0.9387,0.9143
0,0,15,15,eom,2,77.8,0.8029,0.2866,0.7569,0.9387,0.9143
0,0,20,3,eom,2,73.4,0.8724,0.2908,0.7726,0.9387,0.9143
0,0,20,5,eom,2,75.6,0.8635,0.2874,0.7962,0.9387,0.9143
0,0,20,10,eom,2,77.53,0.8226,0.2866,0.7766,0.9387,0.9143
0,0,20,15,eom,2,96.07,0.0,0.0653,0.0,0.9387,0.9143
0,0,30,3,eom,2,73.4,0.8724,0.2908,0.7726,0.9387,0.9143
0,0,30,5,eom,2,75.6,0.8635,0.2874,0.7962,0.9387,0.9143
0,0,30,10,eom,0,100.0,0.0,0.0,0.0,0.9387,0.9143
0,0,30,15,eom,0,100.0,0.0,0.0,0.0,0.9387,0.9143
0,0,40,3,eom,2,73.4,0.8724,0.2908,0.7726,0.9387,0.9143
0,0,40,5,eom,0,100.0,0.0,0.0,0.0,0.9387,0.9143
0,0,40,10,eom,0,100.0,0.0,0.0,0.0,0.9387,0.9143
0,0,40,15,eom,0,100.0,0.0,0.0,0.0,0.9387,0.9143
0,0,50,3,eom,2,73.4,0.8724,0.2908,0.7726,0.9387,0.9143
0,0,50,5,eom,0,100.0,0.0,0.0,0.0,0.9387,0.9143
0,0,50,10,eom,0,100.0,0.0,0.0,0.0,0.9387,0.9143
0,0,50,15,eom,0,100.0,0.0,0.0,0.0,0.9387,0.9143
0,0,75,3,eom,0,100.0,0.0,0.0,0.0,0.9387,0.9143
0,0,75,5,eom,0,100.0,0.0,0.0,0.0,0.9387,0.9143
0,0,75,10,eom,0,100.0,0.0,0.0,0.0,0.9387,0.9143
0,0,75,15,eom,0,100.0,0.0,0.0,0.0,0.9387,0.9143
0,0,10,3,leaf,10,87.47,0.3199,0.1501,0.5456,0.9387,0.9143
0,0,10,5,leaf,6,89.87,0.3995,0.1907,0.5607,0.9387,0.9143
0,0,10,10,leaf,3,94.2,0.4944,0.213,0.6922,0.9387,0.9143
0,0,10,15,leaf,3,94.8,0.4755,0.2177,0.683,0.9387,0.9143
0,0,15,3,leaf,5,89.47,0.4603,0.2046,0.5784,0.9387,0.9143
0,0,15,5,leaf,3,92.13,0.5369,0.2131,0.6816,0.9387,0.9143
0,0,15,10,leaf,3,94.2,0.4944,0.213,0.6922,0.9387,0.9143
0,0,15,15,leaf,3,94.8,0.4755,0.2177,0.683,0.9387,0.9143
0,0,20,3,leaf,3,89.93,0.5527,0.2171,0.6652,0.9387,0.9143
0,0,20,5,leaf,3,92.13,0.5369,0.2131,0.6816,0.9387,0.9143
0,0,20,10,leaf,3,94.2,0.4944,0.213,0.6922,0.9387,0.9143
0,0,20,15,leaf,2,96.07,0.0,0.0653,0.0,0.9387,0.9143
0,0,30,3,leaf,3,89.93,0.5527,0.2171,0.6652,0.9387,0.9143
0,0,30,5,leaf,3,92.13,0.5369,0.2131,0.6816,0.9387,0.9143
0,0,30,10,leaf,0,100.0,0.0,0.0,0.0,0.9387,0.9143
0,0,30,15,leaf,0,100.0,0.0,0.0,0.0,0.9387,0.9143
0,0,40,3,leaf,3,89.93,0.5527,0.2171,0.6652,0.9387,0.9143
0,0,40,5,leaf,0,100.0,0.0,0.0,0.0,0.9387,0.9143
0,0,40,10,leaf,0,100.0,0.0,0.0,0.0,0.9387,0.9143
0,0,40,15,leaf,0,100.0,0.0,0.0,0.0,0.9387,0.9143
0,0,50,3,leaf,2,73.4,0.8724,0.2908,0.7726,0.9387,0.9143
0,0,50,5,leaf,0,100.0,0.0,0.0,0.0,0.9387,0.9143
0,0,50,10,leaf,0,100.0,0.0,0.0,0.0,0.9387,0.9143
0,0,50,15,leaf,0,100.0,0.0,0.0,0.0,0.9387,0.9143
0,0,75,3,leaf,0,100.0,0.0,0.0,0.0,0.9387,0.9143
0,0,75,5,leaf,0,100.0,0.0,0.0,0.0,0.9387,0.9143
0,0,75,10,leaf,0,100.0,0.0,0.0,0.0,0.9387,0.9143
0,0,75,15,leaf,0,100.0,0.0,0.0,0.0,0.9387,0.9143
32,0,10,3,eom,5,27.8,0.3586,0.2523,0.3475,0.934,0.9135
32,0,10,5,eom,4,32.8,0.3614,0.2481,0.3361,0.934,0.9135
32,0,10,10,eom,2,26.6,0.3858,0.2585,0.3658,0.934,0.9135
32,0,10,15,eom,2,27.8,0.3822,0.2585,0.3603,0.934,0.9135
32,0,15,3,eom,2,22.93,0.3713,0.2678,0.3615,0.934,0.9135
32,0,15,5,eom,2,23.47,0.364,0.2577,0.3485,0.934,0.9135
32,0,15,10,eom,2,26.6,0.3858,0.2585,0.3658,0.934,0.9135
32,0,15,15,eom,2,27.8,0.3822,0.2585,0.3603,0.934,0.9135
32,0,20,3,eom,2,22.93,0.3713,0.2678,0.3615,0.934,0.9135
32,0,20,5,eom,2,23.47,0.364,0.2577,0.3485,0.934,0.9135
32,0,20,10,eom,2,26.6,0.3858,0.2585,0.3658,0.934,0.9135
32,0,20,15,eom,2,27.8,0.3822,0.2585,0.3603,0.934,0.9135
32,0,30,3,eom,2,22.93,0.3713,0.2678,0.3615,0.934,0.9135
32,0,30,5,eom,2,23.47,0.364,0.2577,0.3485,0.934,0.9135
32,0,30,10,eom,2,26.6,0.3858,0.2585,0.3658,0.934,0.9135
32,0,30,15,eom,2,27.8,0.3822,0.2585,0.3603,0.934,0.9135
32,0,40,3,eom,2,22.93,0.3713,0.2678,0.3615,0.934,0.9135
32,0,40,5,eom,2,23.47,0.364,0.2577,0.3485,0.934,0.9135
32,0,40,10,eom,2,26.6,0.3858,0.2585,0.3658,0.934,0.9135
32,0,40,15,eom,2,27.8,0.3822,0.2585,0.3603,0.934,0.9135
32,0,50,3,eom,2,22.93,0.3713,0.2678,0.3615,0.934,0.9135
32,0,50,5,eom,2,23.47,0.364,0.2577,0.3485,0.934,0.9135
32,0,50,10,eom,2,26.6,0.3858,0.2585,0.3658,0.934,0.9135
32,0,50,15,eom,2,27.8,0.3822,0.2585,0.3603,0.934,0.9135
32,0,75,3,eom,2,22.93,0.3713,0.2678,0.3615,0.934,0.9135
32,0,75,5,eom,2,23.47,0.364,0.2577,0.3485,0.934,0.9135
32,0,75,10,eom,2,26.6,0.3858,0.2585,0.3658,0.934,0.9135
32,0,75,15,eom,2,27.8,0.3822,0.2585,0.3603,0.934,0.9135
32,0,10,3,leaf,10,82.8,0.4391,0.1988,0.654,0.934,0.9135
32,0,10,5,leaf,8,84.53,0.6229,0.2852,0.6822,0.934,0.9135
32,0,10,10,leaf,4,75.33,0.2955,0.2087,0.4825,0.934,0.9135
32,0,10,15,leaf,3,65.33,0.2416,0.2219,0.4316,0.934,0.9135
32,0,15,3,leaf,5,79.33,0.7988,0.2992,0.7985,0.934,0.9135
32,0,15,5,leaf,5,85.73,0.7727,0.3226,0.7853,0.934,0.9135
32,0,15,10,leaf,3,64.13,0.2339,0.2228,0.4223,0.934,0.9135
32,0,15,15,leaf,3,65.33,0.2416,0.2219,0.4316,0.934,0.9135
32,0,20,3,leaf,4,80.33,0.8167,0.3468,0.8224,0.934,0.9135
32,0,20,5,leaf,4,86.73,0.852,0.3452,0.8435,0.934,0.9135
32,0,20,10,leaf,2,26.6,0.3858,0.2585,0.3658,0.934,0.9135
32,0,20,15,leaf,2,27.8,0.3822,0.2585,0.3603,0.934,0.9135
32,0,30,3,leaf,4,80.33,0.8167,0.3468,0.8224,0.934,0.9135
32,0,30,5,leaf,2,23.47,0.364,0.2577,0.3485,0.934,0.9135
32,0,30,10,leaf,2,26.6,0.3858,0.2585,0.3658,0.934,0.9135
32,0,30,15,leaf,2,27.8,0.3822,0.2585,0.3603,0.934,0.9135
32,0,40,3,leaf,4,80.33,0.8167,0.3468,0.8224,0.934,0.9135
32,0,40,5,leaf,2,23.47,0.364,0.2577,0.3485,0.934,0.9135
32,0,40,10,leaf,2,26.6,0.3858,0.2585,0.3658,0.934,0.9135
32,0,40,15,leaf,2,27.8,0.3822,0.2585,0.3603,0.934,0.9135
32,0,50,3,leaf,2,22.93,0.3713,0.2678,0.3615,0.934,0.9135
32,0,50,5,leaf,2,23.47,0.364,0.2577,0.3485,0.934,0.9135
32,0,50,10,leaf,2,26.6,0.3858,0.2585,0.3658,0.934,0.9135
32,0,50,15,leaf,2,27.8,0.3822,0.2585,0.3603,0.934,0.9135
32,0,75,3,leaf,2,22.93,0.3713,0.2678,0.3615,0.934,0.9135
32,0,75,5,leaf,2,23.47,0.364,0.2577,0.3485,0.934,0.9135
32,0,75,10,leaf,2,26.6,0.3858,0.2585,0.3658,0.934,0.9135
32,0,75,15,leaf,2,27.8,0.3822,0.2585,0.3603,0.934,0.9135
32,1,10,3,eom,2,0.07,0.0002,0.0001,0.0129,0.9293,0.9069
32,1,10,5,eom,2,0.13,0.0001,0.0001,0.0129,0.9293,0.9069
32,1,10,10,eom,2,0.33,0.0001,0.0001,0.0129,0.9293,0.9069
32,1,10,15,eom,4,56.87,0.1238,0.2011,0.206,0.9293,0.9069
32,1,15,3,eom,8,48.2,0.3174,0.2691,0.3544,0.9293,0.9069
32,1,15,5,eom,7,49.2,0.2503,0.2562,0.3165,0.9293,0.9069
32,1,15,10,eom,5,56.53,0.2107,0.2923,0.2896,0.9293,0.9069
32,1,15,15,eom,4,56.87,0.1238,0.2011,0.206,0.9293,0.9069
32,1,20,3,eom,6,43.0,0.1718,0.2263,0.2611,0.9293,0.9069
32,1,20,5,eom,6,50.27,0.2405,0.2627,0.3066,0.9293,0.9069
32,1,20,10,eom,4,57.8,0.1615,0.2203,0.2404,0.9293,0.9069
32,1,20,15,eom,3,58.0,0.0832,0.2056,0.1664,0.9293,0.9069
32,1,30,3,eom,5,41.73,0.1873,0.2447,0.2706,0.9293,0.9069
32,1,30,5,eom,3,44.87,0.0491,0.1363,0.1455,0.9293,0.9069
32,1,30,10,eom,2,44.6,0.0661,0.1463,0.127,0.9293,0.9069
32,1,30,15,eom,2,48.87,0.0665,0.1576,0.1163,0.9293,0.9069
32,1,40,3,eom,3,42.07,0.1482,0.2123,0.211,0.9293,0.9069
32,1,40,5,eom,2,47.13,0.083,0.1338,0.1268,0.9293,0.9069
32,1,40,10,eom,2,44.6,0.0661,0.1463,0.127,0.9293,0.9069
32,1,40,15,eom,2,93.93,0.006,0.0008,0.0244,0.9293,0.9069
32,1,50,3,eom,2,35.73,0.0685,0.0965,0.1186,0.9293,0.9069
32,1,50,5,eom,2,47.13,0.083,0.1338,0.1268,0.9293,0.9069
32,1,50,10,eom,2,89.93,-0.0072,0.0043,0.0192,0.9293,0.9069
32,1,50,15,eom,0,100.0,0.0,0.0,0.0,0.9293,0.9069
32,1,75,3,eom,2,35.73,0.0685,0.0965,0.1186,0.9293,0.9069
32,1,75,5,eom,0,100.0,0.0,0.0,0.0,0.9293,0.9069
32,1,75,10,eom,0,100.0,0.0,0.0,0.0,0.9293,0.9069
32,1,75,15,eom,0,100.0,0.0,0.0,0.0,0.9293,0.9069
32,1,10,3,leaf,21,63.8,0.2328,0.157,0.4956,0.9293,0.9069
32,1,10,5,leaf,14,75.2,0.2795,0.201,0.5425,0.9293,0.9069
32,1,10,10,leaf,12,78.4,0.2831,0.2119,0.5415,0.9293,0.9069
32,1,10,15,leaf,7,85.4,0.2935,0.1248,0.5243,0.9293,0.9069
32,1,15,3,leaf,11,69.8,0.3155,0.2187,0.562,0.9293,0.9069
32,1,15,5,leaf,10,76.73,0.3364,0.2222,0.5846,0.9293,0.9069
32,1,15,10,leaf,7,79.53,0.396,0.2518,0.6264,0.9293,0.9069
32,1,15,15,leaf,7,85.4,0.2935,0.1248,0.5243,0.9293,0.9069
32,1,20,3,leaf,9,72.13,0.3131,0.2308,0.5554,0.9293,0.9069
32,1,20,5,leaf,8,78.8,0.3965,0.2591,0.6206,0.9293,0.9069
32,1,20,10,leaf,6,80.8,0.3639,0.1587,0.5621,0.9293,0.9069
32,1,20,15,leaf,6,86.53,0.3044,0.1203,0.5371,0.9293,0.9069
32,1,30,3,leaf,8,70.87,0.3301,0.2437,0.5649,0.9293,0.9069
32,1,30,5,leaf,5,83.67,0.3767,0.1585,0.5764,0.9293,0.9069
32,1,30,10,leaf,4,83.93,0.4839,0.1533,0.6495,0.9293,0.9069
32,1,30,15,leaf,4,89.33,0.494,0.1345,0.6591,0.9293,0.9069
32,1,40,3,leaf,5,77.87,0.515,0.2893,0.6641,0.9293,0.9069
32,1,40,5,leaf,4,85.93,0.495,0.1613,0.6409,0.9293,0.9069
32,1,40,10,leaf,4,83.93,0.4839,0.1533,0.6495,0.9293,0.9069
32,1,40,15,leaf,2,93.93,0.006,0.0008,0.0244,0.9293,0.9069
32,1,50,3,leaf,4,80.53,0.4668,0.1641,0.6065,0.9293,0.9069
32,1,50,5,leaf,2,47.13,0.083,0.1338,0.1268,0.9293,0.9069
32,1,50,10,leaf,2,89.93,-0.0072,0.0043,0.0192,0.9293,0.9069
32,1,50,15,leaf,0,100.0,0.0,0.0,0.0,0.9293,0.9069
32,1,75,3,leaf,2,35.73,0.0685,0.0965,0.1186,0.9293,0.9069
32,1,75,5,leaf,0,100.0,0.0,0.0,0.0,0.9293,0.9069
32,1,75,10,leaf,0,100.0,0.0,0.0,0.0,0.9293,0.9069
32,1,75,15,leaf,0,100.0,0.0,0.0,0.0,0.9293,0.9069
64,0,10,3,eom,4,27.07,0.3551,0.2504,0.3445,0.938,0.9131
64,0,10,5,eom,3,33.27,0.3701,0.251,0.3419,0.938,0.9131
64,0,10,10,eom,3,36.13,0.3794,0.2487,0.343,0.938,0.9131
64,0,10,15,eom,2,26.4,0.3798,0.2585,0.3643,0.938,0.9131
64,0,15,3,eom,2,24.67,0.3632,0.2585,0.3536,0.938,0.9131
64,0,15,5,eom,2,25.4,0.3712,0.2577,0.3541,0.938,0.9131
64,0,15,10,eom,2,25.07,0.3815,0.2638,0.3685,0.938,0.9131
64,0,15,15,eom,2,26.4,0.3798,0.2585,0.3643,0.938,0.9131
64,0,20,3,eom,2,24.67,0.3632,0.2585,0.3536,0.938,0.9131
64,0,20,5,eom,2,25.4,0.3712,0.2577,0.3541,0.938,0.9131
64,0,20,10,eom,2,25.07,0.3815,0.2638,0.3685,0.938,0.9131
64,0,20,15,eom,2,26.4,0.3798,0.2585,0.3643,0.938,0.9131
64,0,30,3,eom,2,24.67,0.3632,0.2585,0.3536,0.938,0.9131
64,0,30,5,eom,2,25.4,0.3712,0.2577,0.3541,0.938,0.9131
64,0,30,10,eom,2,25.07,0.3815,0.2638,0.3685,0.938,0.9131
64,0,30,15,eom,2,26.4,0.3798,0.2585,0.3643,0.938,0.9131
64,0,40,3,eom,2,24.67,0.3632,0.2585,0.3536,0.938,0.9131
64,0,40,5,eom,2,25.4,0.3712,0.2577,0.3541,0.938,0.9131
64,0,40,10,eom,2,25.07,0.3815,0.2638,0.3685,0.938,0.9131
64,0,40,15,eom,2,26.4,0.3798,0.2585,0.3643,0.938,0.9131
64,0,50,3,eom,2,24.67,0.3632,0.2585,0.3536,0.938,0.9131
64,0,50,5,eom,2,25.4,0.3712,0.2577,0.3541,0.938,0.9131
64,0,50,10,eom,2,25.07,0.3815,0.2638,0.3685,0.938,0.9131
64,0,50,15,eom,2,26.4,0.3798,0.2585,0.3643,0.938,0.9131
64,0,75,3,eom,2,24.67,0.3632,0.2585,0.3536,0.938,0.9131
64,0,75,5,eom,2,25.4,0.3712,0.2577,0.3541,0.938,0.9131
64,0,75,10,eom,2,25.07,0.3815,0.2638,0.3685,0.938,0.9131
64,0,75,15,eom,2,26.4,0.3798,0.2585,0.3643,0.938,0.9131
64,0,10,3,leaf,10,85.13,0.4559,0.2016,0.6532,0.938,0.9131
64,0,10,5,leaf,7,86.2,0.6565,0.2933,0.7053,0.938,0.9131
64,0,10,10,leaf,4,74.0,0.2806,0.2074,0.4717,0.938,0.9131
64,0,10,15,leaf,3,64.2,0.2361,0.2219,0.4319,0.938,0.9131
64,0,15,3,leaf,4,83.0,0.7667,0.343,0.8002,0.938,0.9131
64,0,15,5,leaf,4,87.4,0.807,0.3465,0.82,0.938,0.9131
64,0,15,10,leaf,3,62.93,0.2274,0.2246,0.4221,0.938,0.9131
64,0,15,15,leaf,3,64.2,0.2361,0.2219,0.4319,0.938,0.9131
64,0,20,3,leaf,4,83.0,0.7667,0.343,0.8002,0.938,0.9131
64,0,20,5,leaf,4,87.4,0.807,0.3465,0.82,0.938,0.9131
64,0,20,10,leaf,2,25.07,0.3815,0.2638,0.3685,0.938,0.9131
64,0,20,15,leaf,2,26.4,0.3798,0.2585,0.3643,0.938,0.9131
64,0,30,3,leaf,4,83.0,0.7667,0.343,0.8002,0.938,0.9131
64,0,30,5,leaf,2,25.4,0.3712,0.2577,0.3541,0.938,0.9131
64,0,30,10,leaf,2,25.07,0.3815,0.2638,0.3685,0.938,0.9131
64,0,30,15,leaf,2,26.4,0.3798,0.2585,0.3643,0.938,0.9131
64,0,40,3,leaf,2,24.67,0.3632,0.2585,0.3536,0.938,0.9131
64,0,40,5,leaf,2,25.4,0.3712,0.2577,0.3541,0.938,0.9131
64,0,40,10,leaf,2,25.07,0.3815,0.2638,0.3685,0.938,0.9131
64,0,40,15,leaf,2,26.4,0.3798,0.2585,0.3643,0.938,0.9131
64,0,50,3,leaf,2,24.67,0.3632,0.2585,0.3536,0.938,0.9131
64,0,50,5,leaf,2,25.4,0.3712,0.2577,0.3541,0.938,0.9131
64,0,50,10,leaf,2,25.07,0.3815,0.2638,0.3685,0.938,0.9131
64,0,50,15,leaf,2,26.4,0.3798,0.2585,0.3643,0.938,0.9131
64,0,75,3,leaf,2,24.67,0.3632,0.2585,0.3536,0.938,0.9131
64,0,75,5,leaf,2,25.4,0.3712,0.2577,0.3541,0.938,0.9131
64,0,75,10,leaf,2,25.07,0.3815,0.2638,0.3685,0.938,0.9131
64,0,75,15,leaf,2,26.4,0.3798,0.2585,0.3643,0.938,0.9131
64,1,10,3,eom,3,14.27,0.0037,0.0115,0.0307,0.9347,0.9111
64,1,10,5,eom,7,52.0,0.095,0.2096,0.2067,0.9347,0.9111
64,1,10,10,eom,5,62.0,0.1857,0.2367,0.2383,0.9347,0.9111
64,1,10,15,eom,3,62.47,0.0533,0.2064,0.0975,0.9347,0.9111
64,1,15,3,eom,2,15.13,0.0024,0.0102,0.0125,0.9347,0.9111
64,1,15,5,eom,3,50.0,0.0136,0.1522,0.1263,0.9347,0.9111
64,1,15,10,eom,4,62.8,0.1459,0.2331,0.2075,0.9347,0.9111
64,1,15,15,eom,3,86.6,0.3543,0.0981,0.5767,0.9347,0.9111
64,1,20,3,eom,5,42.6,0.1663,0.2173,0.2558,0.9347,0.9111
64,1,20,5,eom,3,50.0,0.0136,0.1522,0.1263,0.9347,0.9111
64,1,20,10,eom,2,89.07,-0.0072,0.0079,0.0174,0.9347,0.9111
64,1,20,15,eom,3,86.6,0.3543,0.0981,0.5767,0.9347,0.9111
64,1,30,3,eom,2,46.67,0.1036,0.1837,0.1679,0.9347,0.9111
64,1,30,5,eom,2,51.87,-0.0496,0.1333,0.0429,0.9347,0.9111
64,1,30,10,eom,2,89.07,-0.0072,0.0079,0.0174,0.9347,0.9111
64,1,30,15,eom,3,86.6,0.3543,0.0981,0.5767,0.9347,0.9111
64,1,40,3,eom,2,46.67,0.1036,0.1837,0.1679,0.9347,0.9111
64,1,40,5,eom,2,88.67,-0.0047,0.01,0.008,0.9347,0.9111
64,1,40,10,eom,2,89.07,-0.0072,0.0079,0.0174,0.9347,0.9111
64,1,40,15,eom,2,88.6,-0.0116,0.0075,0.0233,0.9347,0.9111
64,1,50,3,eom,2,85.33,-0.0098,0.0181,0.0101,0.9347,0.9111
64,1,50,5,eom,2,88.67,-0.0047,0.01,0.008,0.9347,0.9111
64,1,50,10,eom,2,89.07,-0.0072,0.0079,0.0174,0.9347,0.9111
64,1,50,15,eom,2,88.6,-0.0116,0.0075,0.0233,0.9347,0.9111
64,1,75,3,eom,0,100.0,0.0,0.0,0.0,0.9347,0.9111
64,1,75,5,eom,0,100.0,0.0,0.0,0.0,0.9347,0.9111
64,1,75,10,eom,0,100.0,0.0,0.0,0.0,0.9347,0.9111
64,1,75,15,eom,0,100.0,0.0,0.0,0.0,0.9347,0.9111
64,1,10,3,leaf,22,69.73,0.2051,0.1379,0.4967,0.9347,0.9111
64,1,10,5,leaf,10,84.33,0.2742,0.1794,0.5373,0.9347,0.9111
64,1,10,10,leaf,8,88.13,0.3707,0.1491,0.5983,0.9347,0.9111
64,1,10,15,leaf,6,89.73,0.3987,0.1013,0.5583,0.9347,0.9111
64,1,15,3,leaf,12,72.53,0.3235,0.182,0.5801,0.9347,0.9111
64,1,15,5,leaf,6,86.47,0.2568,0.1071,0.4974,0.9347,0.9111
64,1,15,10,leaf,6,84.87,0.3354,0.1831,0.5767,0.9347,0.9111
64,1,15,15,leaf,3,86.6,0.3543,0.0981,0.5767,0.9347,0.9111
64,1,20,3,leaf,9,75.93,0.3557,0.2217,0.6244,0.9347,0.9111
64,1,20,5,leaf,6,86.47,0.2568,0.1071,0.4974,0.9347,0.9111
64,1,20,10,leaf,2,89.07,-0.0072,0.0079,0.0174,0.9347,0.9111
64,1,20,15,leaf,3,86.6,0.3543,0.0981,0.5767,0.9347,0.9111
64,1,30,3,leaf,5,81.73,0.4346,0.1674,0.6932,0.9347,0.9111
64,1,30,5,leaf,3,86.33,-0.004,0.058,0.0062,0.9347,0.9111
64,1,30,10,leaf,2,89.07,-0.0072,0.0079,0.0174,0.9347,0.9111
64,1,30,15,leaf,3,86.6,0.3543,0.0981,0.5767,0.9347,0.9111
64,1,40,3,leaf,4,78.93,0.5715,0.2203,0.7485,0.9347,0.9111
64,1,40,5,leaf,2,88.67,-0.0047,0.01,0.008,0.9347,0.9111
64,1,40,10,leaf,2,89.07,-0.0072,0.0079,0.0174,0.9347,0.9111
64,1,40,15,leaf,2,88.6,-0.0116,0.0075,0.0233,0.9347,0.9111
64,1,50,3,leaf,2,85.33,-0.0098,0.0181,0.0101,0.9347,0.9111
64,1,50,5,leaf,2,88.67,-0.0047,0.01,0.008,0.9347,0.9111
64,1,50,10,leaf,2,89.07,-0.0072,0.0079,0.0174,0.9347,0.9111
64,1,50,15,leaf,2,88.6,-0.0116,0.0075,0.0233,0.9347,0.9111
64,1,75,3,leaf,0,100.0,0.0,0.0,0.0,0.9347,0.9111
64,1,75,5,leaf,0,100.0,0.0,0.0,0.0,0.9347,0.9111
64,1,75,10,leaf,0,100.0,0.0,0.0,0.0,0.9347,0.9111
64,1,75,15,leaf,0,100.0,0.0,0.0,0.0,0.9347,0.9111
128,0,10,3,eom,4,26.33,0.3516,0.2504,0.3432,0.938,0.9149
128,0,10,5,eom,3,31.87,0.3706,0.2526,0.3456,0.938,0.9149
128,0,10,10,eom,3,34.53,0.3695,0.2495,0.3407,0.938,0.9149
128,0,10,15,eom,2,26.07,0.377,0.2592,0.3627,0.938,0.9149
128,0,15,3,eom,2,23.53,0.3603,0.2577,0.353,0.938,0.9149
128,0,15,5,eom,2,24.6,0.3732,0.2646,0.3603,0.938,0.9149
128,0,15,10,eom,3,34.53,0.3695,0.2495,0.3407,0.938,0.9149
128,0,15,15,eom,2,26.07,0.377,0.2592,0.3627,0.938,0.9149
128,0,20,3,eom,2,23.53,0.3603,0.2577,0.353,0.938,0.9149
128,0,20,5,eom,2,24.6,0.3732,0.2646,0.3603,0.938,0.9149
128,0,20,10,eom,2,25.13,0.3733,0.2592,0.3609,0.938,0.9149
128,0,20,15,eom,2,26.07,0.377,0.2592,0.3627,0.938,0.9149
128,0,30,3,eom,2,23.53,0.3603,0.2577,0.353,0.938,0.9149
128,0,30,5,eom,2,24.6,0.3732,0.2646,0.3603,0.938,0.9149
128,0,30,10,eom,2,25.13,0.3733,0.2592,0.3609,0.938,0.9149
128,0,30,15,eom,2,26.07,0.377,0.2592,0.3627,0.938,0.9149
128,0,40,3,eom,2,23.53,0.3603,0.2577,0.353,0.938,0.9149
128,0,40,5,eom,2,24.6,0.3732,0.2646,0.3603,0.938,0.9149
128,0,40,10,eom,2,25.13,0.3733,0.2592,0.3609,0.938,0.9149
128,0,40,15,eom,2,26.07,0.377,0.2592,0.3627,0.938,0.9149
128,0,50,3,eom,2,23.53,0.3603,0.2577,0.353,0.938,0.9149
128,0,50,5,eom,2,24.6,0.3732,0.2646,0.3603,0.938,0.9149
128,0,50,10,eom,2,25.13,0.3733,0.2592,0.3609,0.938,0.9149
128,0,50,15,eom,2,26.07,0.377,0.2592,0.3627,0.938,0.9149
128,0,75,3,eom,2,23.53,0.3603,0.2577,0.353,0.938,0.9149
128,0,75,5,eom,2,24.6,0.3732,0.2646,0.3603,0.938,0.9149
128,0,75,10,eom,2,25.13,0.3733,0.2592,0.3609,0.938,0.9149
128,0,75,15,eom,2,26.07,0.377,0.2592,0.3627,0.938,0.9149
128,0,10,3,leaf,9,85.93,0.4767,0.2582,0.5957,0.938,0.9149
128,0,10,5,leaf,7,88.73,0.5896,0.2861,0.6955,0.938,0.9149
128,0,10,10,leaf,4,71.4,0.3181,0.2089,0.5116,0.938,0.9149
128,0,10,15,leaf,3,63.87,0.2409,0.2205,0.4372,0.938,0.9149
128,0,15,3,leaf,5,87.53,0.667,0.3135,0.7145,0.938,0.9149
128,0,15,5,leaf,2,24.6,0.3732,0.2646,0.3603,0.938,0.9149
128,0,15,10,leaf,4,71.4,0.3181,0.2089,0.5116,0.938,0.9149
128,0,15,15,leaf,3,63.87,0.2409,0.2205,0.4372,0.938,0.9149
128,0,20,3,leaf,3,60.0,0.3351,0.2254,0.5388,0.938,0.9149
128,0,20,5,leaf,2,24.6,0.3732,0.2646,0.3603,0.938,0.9149
128,0,20,10,leaf,3,62.0,0.2813,0.2237,0.4804,0.938,0.9149
128,0,20,15,leaf,2,26.07,0.377,0.2592,0.3627,0.938,0.9149
128,0,30,3,leaf,3,60.0,0.3351,0.2254,0.5388,0.938,0.9149
128,0,30,5,leaf,2,24.6,0.3732,0.2646,0.3603,0.938,0.9149
128,0,30,10,leaf,2,25.13,0.3733,0.2592,0.3609,0.938,0.9149
128,0,30,15,leaf,2,26.07,0.377,0.2592,0.3627,0.938,0.9149
128,0,40,3,leaf,2,23.53,0.3603,0.2577,0.353,0.938,0.9149
128,0,40,5,leaf,2,24.6,0.3732,0.2646,0.3603,0.938,0.9149
128,0,40,10,leaf,2,25.13,0.3733,0.2592,0.3609,0.938,0.9149
128,0,40,15,leaf,2,26.07,0.377,0.2592,0.3627,0.938,0.9149
128,0,50,3,leaf,2,23.53,0.3603,0.2577,0.353,0.938,0.9149
128,0,50,5,leaf,2,24.6,0.3732,0.2646,0.3603,0.938,0.9149
128,0,50,10,leaf,2,25.13,0.3733,0.2592,0.3609,0.938,0.9149
128,0,50,15,leaf,2,26.07,0.377,0.2592,0.3627,0.938,0.9149
128,0,75,3,leaf,2,23.53,0.3603,0.2577,0.353,0.938,0.9149
128,0,75,5,leaf,2,24.6,0.3732,0.2646,0.3603,0.938,0.9149
128,0,75,10,leaf,2,25.13,0.3733,0.2592,0.3609,0.938,0.9149
128,0,75,15,leaf,2,26.07,0.377,0.2592,0.3627,0.938,0.9149
128,1,10,3,eom,14,55.73,0.3742,0.2393,0.3838,0.938,0.9121
128,1,10,5,eom,7,53.33,0.2252,0.2432,0.2797,0.938,0.9121
128,1,10,10,eom,3,87.53,0.2951,0.0677,0.5233,0.938,0.9121
128,1,10,15,eom,2,81.47,0.8717,0.1495,0.8536,0.938,0.9121
128,1,15,3,eom,7,60.8,0.2836,0.2448,0.3222,0.938,0.9121
128,1,15,5,eom,4,55.4,0.1731,0.2474,0.2396,0.938,0.9121
128,1,15,10,eom,3,87.53,0.2951,0.0677,0.5233,0.938,0.9121
128,1,15,15,eom,2,81.47,0.8717,0.1495,0.8536,0.938,0.9121
128,1,20,3,eom,3,60.67,0.0953,0.2314,0.1781,0.938,0.9121
128,1,20,5,eom,4,55.4,0.1731,0.2474,0.2396,0.938,0.9121
128,1,20,10,eom,3,87.53,0.2951,0.0677,0.5233,0.938,0.9121
128,1,20,15,eom,2,81.47,0.8717,0.1495,0.8536,0.938,0.9121
128,1,30,3,eom,3,86.73,-0.0023,0.0117,0.0078,0.938,0.9121
128,1,30,5,eom,2,46.53,0.0889,0.1758,0.1492,0.938,0.9121
128,1,30,10,eom,2,88.87,-0.0043,0.0186,0.0084,0.938,0.9121
128,1,30,15,eom,2,92.53,0.0,0.0112,0.0,0.938,0.9121
128,1,40,3,eom,2,83.47,-0.0141,0.0362,0.0122,0.938,0.9121
128,1,40,5,eom,2,46.53,0.0889,0.1758,0.1492,0.938,0.9121
128,1,40,10,eom,2,88.87,-0.0043,0.0186,0.0084,0.938,0.9121
128,1,40,15,eom,2,92.53,0.0,0.0112,0.0,0.938,0.9121
128,1,50,3,eom,2,83.47,-0.0141,0.0362,0.0122,0.938,0.9121
128,1,50,5,eom,2,90.73,0.0,0.0053,0.0,0.938,0.9121
128,1,50,10,eom,2,88.87,-0.0043,0.0186,0.0084,0.938,0.9121
128,1,50,15,eom,2,92.53,0.0,0.0112,0.0,0.938,0.9121
128,1,75,3,eom,0,100.0,0.0,0.0,0.0,0.938,0.9121
128,1,75,5,eom,0,100.0,0.0,0.0,0.0,0.938,0.9121
128,1,75,10,eom,0,100.0,0.0,0.0,0.0,0.938,0.9121
128,1,75,15,eom,0,100.0,0.0,0.0,0.0,0.938,0.9121
128,1,10,3,leaf,18,74.53,0.2202,0.1333,0.5176,0.938,0.9121
128,1,10,5,leaf,10,78.0,0.2737,0.1645,0.5331,0.938,0.9121
128,1,10,10,leaf,4,90.47,0.2451,0.0377,0.4805,0.938,0.9121
128,1,10,15,leaf,4,91.67,0.2994,0.0338,0.5199,0.938,0.9121
128,1,15,3,leaf,11,79.6,0.2101,0.1211,0.5104,0.938,0.9121
128,1,15,5,leaf,7,80.07,0.2625,0.136,0.5005,0.938,0.9121
128,1,15,10,leaf,4,90.47,0.2451,0.0377,0.4805,0.938,0.9121
128,1,15,15,leaf,4,91.67,0.2994,0.0338,0.5199,0.938,0.9121
128,1,20,3,leaf,5,83.53,0.1223,0.0862,0.3291,0.938,0.9121
128,1,20,5,leaf,7,80.07,0.2625,0.136,0.5005,0.938,0.9121
128,1,20,10,leaf,4,90.47,0.2451,0.0377,0.4805,0.938,0.9121
128,1,20,15,leaf,3,91.2,0.3543,0.0619,0.5926,0.938,0.9121
128,1,30,3,leaf,3,86.73,-0.0023,0.0117,0.0078,0.938,0.9121
128,1,30,5,leaf,4,84.67,0.2651,0.1137,0.5221,0.938,0.9121
128,1,30,10,leaf,2,88.87,-0.0043,0.0186,0.0084,0.938,0.9121
128,1,30,15,leaf,2,92.53,0.0,0.0112,0.0,0.938,0.9121
128,1,40,3,leaf,3,86.73,-0.0023,0.0117,0.0078,0.938,0.9121
128,1,40,5,leaf,4,84.67,0.2651,0.1137,0.5221,0.938,0.9121
128,1,40,10,leaf,2,88.87,-0.0043,0.0186,0.0084,0.938,0.9121
128,1,40,15,leaf,2,92.53,0.0,0.0112,0.0,0.938,0.9121
128,1,50,3,leaf,2,83.47,-0.0141,0.0362,0.0122,0.938,0.9121
128,1,50,5,leaf,2,90.73,0.0,0.0053,0.0,0.938,0.9121
128,1,50,10,leaf,2,88.87,-0.0043,0.0186,0.0084,0.938,0.9121
128,1,50,15,leaf,2,92.53,0.0,0.0112,0.0,0.938,0.9121
128,1,75,3,leaf,0,100.0,0.0,0.0,0.0,0.938,0.9121
128,1,75,5,leaf,0,100.0,0.0,0.0,0.0,0.938,0.9121
128,1,75,10,leaf,0,100.0,0.0,0.0,0.0,0.938,0.9121
128,1,75,15,leaf,0,100.0,0.0,0.0,0.0,0.938,0.9121
256,0,10,3,eom,4,26.87,0.3551,0.2504,0.345,0.9393,0.9151
256,0,10,5,eom,3,32.07,0.3748,0.2526,0.3487,0.9393,0.9151
256,0,10,10,eom,3,34.53,0.3696,0.2487,0.3405,0.9393,0.9151
256,0,10,15,eom,2,26.13,0.3771,0.26,0.3625,0.9393,0.9151
256,0,15,3,eom,2,23.8,0.3638,0.2585,0.3557,0.9393,0.9151
256,0,15,5,eom,2,25.8,0.3774,0.2623,0.3615,0.9393,0.9151
256,0,15,10,eom,2,25.2,0.3715,0.2577,0.3562,0.9393,0.9151
256,0,15,15,eom,2,26.13,0.3771,0.26,0.3625,0.9393,0.9151
256,0,20,3,eom,2,23.8,0.3638,0.2585,0.3557,0.9393,0.9151
256,0,20,5,eom,2,25.8,0.3774,0.2623,0.3615,0.9393,0.9151
256,0,20,10,eom,2,25.2,0.3715,0.2577,0.3562,0.9393,0.9151
256,0,20,15,eom,2,26.13,0.3771,0.26,0.3625,0.9393,0.9151
256,0,30,3,eom,2,23.8,0.3638,0.2585,0.3557,0.9393,0.9151
256,0,30,5,eom,2,25.8,0.3774,0.2623,0.3615,0.9393,0.9151
256,0,30,10,eom,2,25.2,0.3715,0.2577,0.3562,0.9393,0.9151
256,0,30,15,eom,2,26.13,0.3771,0.26,0.3625,0.9393,0.9151
256,0,40,3,eom,2,23.8,0.3638,0.2585,0.3557,0.9393,0.9151
256,0,40,5,eom,2,25.8,0.3774,0.2623,0.3615,0.9393,0.9151
256,0,40,10,eom,2,25.2,0.3715,0.2577,0.3562,0.9393,0.9151
256,0,40,15,eom,2,26.13,0.3771,0.26,0.3625,0.9393,0.9151
256,0,50,3,eom,2,23.8,0.3638,0.2585,0.3557,0.9393,0.9151
256,0,50,5,eom,2,25.8,0.3774,0.2623,0.3615,0.9393,0.9151
256,0,50,10,eom,2,25.2,0.3715,0.2577,0.3562,0.9393,0.9151
256,0,50,15,eom,2,26.13,0.3771,0.26,0.3625,0.9393,0.9151
256,0,75,3,eom,2,23.8,0.3638,0.2585,0.3557,0.9393,0.9151
256,0,75,5,eom,2,25.8,0.3774,0.2623,0.3615,0.9393,0.9151
256,0,75,10,eom,2,25.2,0.3715,0.2577,0.3562,0.9393,0.9151
256,0,75,15,eom,2,26.13,0.3771,0.26,0.3625,0.9393,0.9151
256,0,10,3,leaf,10,87.33,0.3877,0.2375,0.6202,0.9393,0.9151
256,0,10,5,leaf,7,89.53,0.5209,0.2805,0.6739,0.9393,0.9151
256,0,10,10,leaf,4,71.93,0.299,0.2068,0.4944,0.9393,0.9151
256,0,10,15,leaf,3,64.07,0.2359,0.2204,0.4315,0.9393,0.9151
256,0,15,3,leaf,4,86.87,0.743,0.3453,0.8176,0.9393,0.9151
256,0,15,5,leaf,3,63.8,0.2539,0.2292,0.4521,0.9393,0.9151
256,0,15,10,leaf,3,62.6,0.26,0.2224,0.4522,0.9393,0.9151
256,0,15,15,leaf,3,64.07,0.2359,0.2204,0.4315,0.9393,0.9151
256,0,20,3,leaf,4,86.87,0.743,0.3453,0.8176,0.9393,0.9151
256,0,20,5,leaf,2,25.8,0.3774,0.2623,0.3615,0.9393,0.9151
256,0,20,10,leaf,3,62.6,0.26,0.2224,0.4522,0.9393,0.9151
256,0,20,15,leaf,2,26.13,0.3771,0.26,0.3625,0.9393,0.9151
256,0,30,3,leaf,3,60.2,0.3326,0.2245,0.5366,0.9393,0.9151
256,0,30,5,leaf,2,25.8,0.3774,0.2623,0.3615,0.9393,0.9151
256,0,30,10,leaf,2,25.2,0.3715,0.2577,0.3562,0.9393,0.9151
256,0,30,15,leaf,2,26.13,0.3771,0.26,0.3625,0.9393,0.9151
256,0,40,3,leaf,2,23.8,0.3638,0.2585,0.3557,0.9393,0.9151
256,0,40,5,leaf,2,25.8,0.3774,0.2623,0.3615,0.9393,0.9151
256,0,40,10,leaf,2,25.2,0.3715,0.2577,0.3562,0.9393,0.9151
256,0,40,15,leaf,2,26.13,0.3771,0.26,0.3625,0.9393,0.9151
256,0,50,3,leaf,2,23.8,0.3638,0.2585,0.3557,0.9393,0.9151
256,0,50,5,leaf,2,25.8,0.3774,0.2623,0.3615,0.9393,0.9151
256,0,50,10,leaf,2,25.2,0.3715,0.2577,0.3562,0.9393,0.9151
256,0,50,15,leaf,2,26.13,0.3771,0.26,0.3625,0.9393,0.9151
256,0,75,3,leaf,2,23.8,0.3638,0.2585,0.3557,0.9393,0.9151
256,0,75,5,leaf,2,25.8,0.3774,0.2623,0.3615,0.9393,0.9151
256,0,75,10,leaf,2,25.2,0.3715,0.2577,0.3562,0.9393,0.9151
256,0,75,15,leaf,2,26.13,0.3771,0.26,0.3625,0.9393,0.9151
256,1,10,3,eom,2,6.87,0.0002,0.002,0.0152,0.9387,0.9029
256,1,10,5,eom,3,47.67,0.0388,0.1674,0.0723,0.9387,0.9029
256,1,10,10,eom,2,80.33,0.7929,0.1568,0.7377,0.9387,0.9029
256,1,10,15,eom,2,90.93,0.0,0.017,0.0,0.9387,0.9029
256,1,15,3,eom,3,58.8,0.0612,0.2225,0.1336,0.9387,0.9029
256,1,15,5,eom,2,84.67,-0.0093,0.0422,0.0098,0.9387,0.9029
256,1,15,10,eom,3,92.53,0.0,-0.0008,0.0,0.9387,0.9029
256,1,15,15,eom,2,90.93,0.0,0.017,0.0,0.9387,0.9029
256,1,20,3,eom,2,60.07,-0.0444,0.1983,0.0236,0.9387,0.9029
256,1,20,5,eom,2,84.67,-0.0093,0.0422,0.0098,0.9387,0.9029
256,1,20,10,eom,2,90.87,0.0,0.0232,0.0,0.9387,0.9029
256,1,20,15,eom,2,90.93,0.0,0.017,0.0,0.9387,0.9029
256,1,30,3,eom,3,86.33,0.0,0.0157,0.0,0.9387,0.9029
256,1,30,5,eom,2,84.67,-0.0093,0.0422,0.0098,0.9387,0.9029
256,1,30,10,eom,2,90.87,0.0,0.0232,0.0,0.9387,0.9029
256,1,30,15,eom,2,90.93,0.0,0.017,0.0,0.9387,0.9029
256,1,40,3,eom,3,86.33,0.0,0.0157,0.0,0.9387,0.9029
256,1,40,5,eom,2,84.67,-0.0093,0.0422,0.0098,0.9387,0.9029
256,1,40,10,eom,2,90.87,0.0,0.0232,0.0,0.9387,0.9029
256,1,40,15,eom,2,90.93,0.0,0.017,0.0,0.9387,0.9029
256,1,50,3,eom,2,85.67,0.0,-0.0005,0.0,0.9387,0.9029
256,1,50,5,eom,2,84.67,-0.0093,0.0422,0.0098,0.9387,0.9029
256,1,50,10,eom,2,90.87,0.0,0.0232,0.0,0.9387,0.9029
256,1,50,15,eom,2,90.93,0.0,0.017,0.0,0.9387,0.9029
256,1,75,3,eom,2,85.67,0.0,-0.0005,0.0,0.9387,0.9029
256,1,75,5,eom,0,100.0,0.0,0.0,0.0,0.9387,0.9029
256,1,75,10,eom,0,100.0,0.0,0.0,0.0,0.9387,0.9029
256,1,75,15,eom,0,100.0,0.0,0.0,0.0,0.9387,0.9029
256,1,10,3,leaf,17,82.13,0.1255,0.0729,0.4525,0.9387,0.9029
256,1,10,5,leaf,6,87.33,0.2342,0.0934,0.5247,0.9387,0.9029
256,1,10,10,leaf,4,91.67,0.202,0.033,0.4287,0.9387,0.9029
256,1,10,15,leaf,3,93.8,0.0,0.0012,0.0,0.9387,0.9029
256,1,15,3,leaf,8,86.67,0.1378,0.0677,0.4477,0.9387,0.9029
256,1,15,5,leaf,3,89.33,0.0,0.0058,0.0,0.9387,0.9029
256,1,15,10,leaf,3,92.53,0.0,-0.0008,0.0,0.9387,0.9029
256,1,15,15,leaf,2,90.93,0.0,0.017,0.0,0.9387,0.9029
256,1,20,3,leaf,4,85.0,0.0,0.0364,0.0,0.9387,0.9029
256,1,20,5,leaf,3,89.33,0.0,0.0058,0.0,0.9387,0.9029
256,1,20,10,leaf,2,90.87,0.0,0.0232,0.0,0.9387,0.9029
256,1,20,15,leaf,2,90.93,0.0,0.017,0.0,0.9387,0.9029
256,1,30,3,leaf,3,86.33,0.0,0.0157,0.0,0.9387,0.9029
256,1,30,5,leaf,3,89.33,0.0,0.0058,0.0,0.9387,0.9029
256,1,30,10,leaf,2,90.87,0.0,0.0232,0.0,0.9387,0.9029
256,1,30,15,leaf,2,90.93,0.0,0.017,0.0,0.9387,0.9029
256,1,40,3,leaf,3,86.33,0.0,0.0157,0.0,0.9387,0.9029
256,1,40,5,leaf,3,89.33,0.0,0.0058,0.0,0.9387,0.9029
256,1,40,10,leaf,2,90.87,0.0,0.0232,0.0,0.9387,0.9029
256,1,40,15,leaf,2,90.93,0.0,0.017,0.0,0.9387,0.9029
256,1,50,3,leaf,2,85.67,0.0,-0.0005,0.0,0.9387,0.9029
256,1,50,5,leaf,2,84.67,-0.0093,0.0422,0.0098,0.9387,0.9029
256,1,50,10,leaf,2,90.87,0.0,0.0232,0.0,0.9387,0.9029
256,1,50,15,leaf,2,90.93,0.0,0.017,0.0,0.9387,0.9029
256,1,75,3,leaf,2,85.67,0.0,-0.0005,0.0,0.9387,0.9029
256,1,75,5,leaf,0,100.0,0.0,0.0,0.0,0.9387,0.9029
256,1,75,10,leaf,0,100.0,0.0,0.0,0.0,0.9387,0.9029
256,1,75,15,leaf,0,100.0,0.0,0.0,0.0,0.9387,0.9029
